iso_code,continent,location,date,lockLevel,total_cases,new_cases,new_cases_smoothed,total_deaths,new_deaths,new_deaths_smoothed,total_cases_per_million,new_cases_per_million,new_cases_smoothed_per_million,total_deaths_per_million,new_deaths_per_million,new_deaths_smoothed_per_million,reproduction_rate,icu_patients,icu_patients_per_million,hosp_patients,hosp_patients_per_million,weekly_icu_admissions,weekly_icu_admissions_per_million,weekly_hosp_admissions,weekly_hosp_admissions_per_million,total_tests,new_tests,total_tests_per_thousand,new_tests_per_thousand,new_tests_smoothed,new_tests_smoothed_per_thousand,tests_per_case,positive_rate,tests_units,stringency_index,population,population_density,median_age,aged_65_older,aged_70_older,gdp_per_capita,extreme_poverty,cardiovasc_death_rate,diabetes_prevalence,female_smokers,male_smokers,handwashing_facilities,hospital_beds_per_thousand,life_expectancy,human_development_index
IRL,Europe,Ireland,2020-03-01,0,1,1,0.143,,0,0,0.203,0.203,0.029,,0,0,,,,,,,,,,,,,,,,,,,11.11,4937796,69.874,38.7,13.928,8.678,67335.293,0.2,126.459,3.28,23,25.7,,2.96,82.3,0.938
IRL,Europe,Ireland,2020-03-02,0,1,0,0.143,,0,0,0.203,0,0.029,,0,0,,,,,,,,,,,,,,,,,,,11.11,4937796,69.874,38.7,13.928,8.678,67335.293,0.2,126.459,3.28,23,25.7,,2.96,82.3,0.938
IRL,Europe,Ireland,2020-03-03,0,,,0.143,,,0,,,0.029,,,0,,,,,,,,,,,,,,,,,,,11.11,4937796,69.874,38.7,13.928,8.678,67335.293,0.2,126.459,3.28,23,25.7,,2.96,82.3,0.938
IRL,Europe,Ireland,2020-03-04,0,2,1,0.286,,0,0,0.405,0.203,0.058,,0,0,,,,,,,,,,,,,,,,,,,11.11,4937796,69.874,38.7,13.928,8.678,67335.293,0.2,126.459,3.28,23,25.7,,2.96,82.3,0.938
IRL,Europe,Ireland,2020-03-05,0,6,4,0.857,,0,0,1.215,0.81,0.174,,0,0,,,,,,,,,,,,,,,,,,,11.11,4937796,69.874,38.7,13.928,8.678,67335.293,0.2,126.459,3.28,23,25.7,,2.96,82.3,0.938
IRL,Europe,Ireland,2020-03-06,0,13,7,1.857,,0,0,2.633,1.418,0.376,,0,0,,,,,,,,,,,,,,,,,,,11.11,4937796,69.874,38.7,13.928,8.678,67335.293,0.2,126.459,3.28,23,25.7,,2.96,82.3,0.938
IRL,Europe,Ireland,2020-03-07,0,18,5,2.571,,0,0,3.645,1.013,0.521,,0,0,,,,18,3.645,,,,,,,,,,,,,,11.11,4937796,69.874,38.7,13.928,8.678,67335.293,0.2,126.459,3.28,23,25.7,,2.96,82.3,0.938
IRL,Europe,Ireland,2020-03-08,0,19,1,2.571,,0,0,3.848,0.203,0.521,,0,0,,,,17,3.443,,,,,,,,,,,,,,11.11,4937796,69.874,38.7,13.928,8.678,67335.293,0.2,126.459,3.28,23,25.7,,2.96,82.3,0.938
IRL,Europe,Ireland,2020-03-09,0,21,2,2.857,,0,0,4.253,0.405,0.579,,0,0,,,,18,3.645,,,,,,,,,,,,,,11.11,4937796,69.874,38.7,13.928,8.678,67335.293,0.2,126.459,3.28,23,25.7,,2.96,82.3,0.938
IRL,Europe,Ireland,2020-03-10,0,,,2.857,,,0,,,0.579,,,0,,,,26,5.266,,,,,,,,,,,,,,11.11,4937796,69.874,38.7,13.928,8.678,67335.293,0.2,126.459,3.28,23,25.7,,2.96,82.3,0.938
IRL,Europe,Ireland,2020-03-11,0,35,14,4.714,,0,0,7.088,2.835,0.955,,0,0,,,,32,6.481,,,,,,,,,,,,,,11.11,4937796,69.874,38.7,13.928,8.678,67335.293,0.2,126.459,3.28,23,25.7,,2.96,82.3,0.938
IRL,Europe,Ireland,2020-03-12,5,43,8,5.286,1,1,0.143,8.708,1.62,1.07,0.203,0.203,0.029,,,,44,8.911,,,,,,,,,,,,,,31.48,4937796,69.874,38.7,13.928,8.678,67335.293,0.2,126.459,3.28,23,25.7,,2.96,82.3,0.938
IRL,Europe,Ireland,2020-03-13,5,70,27,8.143,1,0,0.143,14.176,5.468,1.649,0.203,0,0.029,,,,36,7.291,,,,,,,,,,,,,,42.59,4937796,69.874,38.7,13.928,8.678,67335.293,0.2,126.459,3.28,23,25.7,,2.96,82.3,0.938
IRL,Europe,Ireland,2020-03-14,5,91,21,10.429,1,0,0.143,18.429,4.253,2.112,0.203,0,0.029,,,,38,7.696,,,,,,,,,,,,,,42.59,4937796,69.874,38.7,13.928,8.678,67335.293,0.2,126.459,3.28,23,25.7,,2.96,82.3,0.938
IRL,Europe,Ireland,2020-03-15,5,129,38,15.714,2,1,0.286,26.125,7.696,3.182,0.405,0.203,0.058,2.32,,,41,8.303,,,,,,,,,,,,,,48.15,4937796,69.874,38.7,13.928,8.678,67335.293,0.2,126.459,3.28,23,25.7,,2.96,82.3,0.938
IRL,Europe,Ireland,2020-03-16,5,169,40,21.143,2,0,0.286,34.226,8.101,4.282,0.405,0,0.058,2.37,,,55,11.139,,,,,,,,,,,,,,48.15,4937796,69.874,38.7,13.928,8.678,67335.293,0.2,126.459,3.28,23,25.7,,2.96,82.3,0.938
IRL,Europe,Ireland,2020-03-17,5,223,54,28.857,2,0,0.286,45.162,10.936,5.844,0.405,0,0.058,2.43,,,61,12.354,,,,,,,,,,,,,,48.15,4937796,69.874,38.7,13.928,8.678,67335.293,0.2,126.459,3.28,23,25.7,,2.96,82.3,0.938
IRL,Europe,Ireland,2020-03-18,5,292,69,36.714,2,0,0.286,59.136,13.974,7.435,0.405,0,0.058,2.47,,,80,16.202,,,,,6457,,1.308,,,,,,tests performed,48.15,4937796,69.874,38.7,13.928,8.678,67335.293,0.2,126.459,3.28,23,25.7,,2.96,82.3,0.938
IRL,Europe,Ireland,2020-03-19,5,366,74,46.143,2,0,0.143,74.122,14.986,9.345,0.405,0,0.029,2.5,,,98,19.847,,,,,7403,946,1.499,0.192,,,,,tests performed,48.15,4937796,69.874,38.7,13.928,8.678,67335.293,0.2,126.459,3.28,23,25.7,,2.96,82.3,0.938
IRL,Europe,Ireland,2020-03-20,5,557,191,69.571,3,1,0.286,112.803,38.681,14.09,0.608,0.203,0.058,2.4,,,133,26.935,,,,,8872,1469,1.797,0.298,,,,,tests performed,48.15,4937796,69.874,38.7,13.928,8.678,67335.293,0.2,126.459,3.28,23,25.7,,2.96,82.3,0.938
IRL,Europe,Ireland,2020-03-21,5,683,126,84.571,3,0,0.286,138.321,25.517,17.127,0.608,0,0.058,2.3,,,151,30.58,,,,,10436,1564,2.113,0.317,,,,,tests performed,48.15,4937796,69.874,38.7,13.928,8.678,67335.293,0.2,126.459,3.28,23,25.7,,2.96,82.3,0.938
IRL,Europe,Ireland,2020-03-22,5,785,102,93.714,3,0,0.143,158.978,20.657,18.979,0.608,0,0.029,2.23,,,177,35.846,,,,,11414,978,2.312,0.198,,,,,tests performed,48.15,4937796,69.874,38.7,13.928,8.678,67335.293,0.2,126.459,3.28,23,25.7,,2.96,82.3,0.938
IRL,Europe,Ireland,2020-03-23,5,906,121,105.286,4,1,0.286,183.483,24.505,21.322,0.81,0.203,0.058,2.17,,,218,44.149,,,,,13995,2581,2.834,0.523,,,,,tests performed,48.15,4937796,69.874,38.7,13.928,8.678,67335.293,0.2,126.459,3.28,23,25.7,,2.96,82.3,0.938
IRL,Europe,Ireland,2020-03-24,5,1125,219,128.857,6,2,0.571,227.834,44.352,26.096,1.215,0.405,0.116,2.1,,,239,48.402,,,,,15561,1566,3.151,0.317,,,,,tests performed,48.15,4937796,69.874,38.7,13.928,8.678,67335.293,0.2,126.459,3.28,23,25.7,,2.96,82.3,0.938
IRL,Europe,Ireland,2020-03-25,5,1329,204,148.143,7,1,0.714,269.148,41.314,30.002,1.418,0.203,0.145,2.04,,,290,58.731,,,,,17336,1775,3.511,0.359,1554,0.315,10.49,0.095,tests performed,48.15,4937796,69.874,38.7,13.928,8.678,67335.293,0.2,126.459,3.28,23,25.7,,2.96,82.3,0.938
IRL,Europe,Ireland,2020-03-26,5,1564,235,171.143,9,2,1,316.741,47.592,34.66,1.823,0.405,0.203,1.97,,,331,67.034,,,,,20712,3376,4.195,0.684,1901,0.385,11.108,0.09,tests performed,57.41,4937796,69.874,38.7,13.928,8.678,67335.293,0.2,126.459,3.28,23,25.7,,2.96,82.3,0.938
IRL,Europe,Ireland,2020-03-27,5,1819,255,180.286,19,10,2.286,368.383,51.642,36.511,3.848,2.025,0.463,1.91,68,13.771,380,76.957,,,,,23653,2941,4.79,0.596,2112,0.428,11.715,0.085,tests performed,75.93,4937796,69.874,38.7,13.928,8.678,67335.293,0.2,126.459,3.28,23,25.7,,2.96,82.3,0.938
IRL,Europe,Ireland,2020-03-28,5,2121,302,205.429,22,3,2.714,429.544,61.161,41.603,4.455,0.608,0.55,1.85,80,16.202,442,89.514,,,,,25859,2206,5.237,0.447,2203,0.446,10.724,0.093,tests performed,85.19,4937796,69.874,38.7,13.928,8.678,67335.293,0.2,126.459,3.28,23,25.7,,2.96,82.3,0.938
IRL,Europe,Ireland,2020-03-29,5,2415,294,232.857,36,14,4.714,489.085,59.541,47.158,7.291,2.835,0.955,1.79,96,19.442,513,103.893,0,0,,,27475,1616,5.564,0.327,2294,0.465,9.852,0.102,tests performed,85.19,4937796,69.874,38.7,13.928,8.678,67335.293,0.2,126.459,3.28,23,25.7,,2.96,82.3,0.938
IRL,Europe,Ireland,2020-03-30,5,2615,200,244.143,46,10,6,529.589,40.504,49.444,9.316,2.025,1.215,1.74,107,21.67,571,115.639,,,,,28872,1397,5.847,0.283,2125,0.43,8.704,0.115,tests performed,85.19,4937796,69.874,38.7,13.928,8.678,67335.293,0.2,126.459,3.28,23,25.7,,2.96,82.3,0.938
IRL,Europe,Ireland,2020-03-31,5,2910,295,255,54,8,6.857,589.332,59.743,51.642,10.936,1.62,1.389,1.7,120,24.302,596,120.702,,,,,30800,1928,6.238,0.39,2177,0.441,8.537,0.117,tests performed,85.19,4937796,69.874,38.7,13.928,8.678,67335.293,0.2,126.459,3.28,23,25.7,,2.96,82.3,0.938
IRL,Europe,Ireland,2020-04-01,5,3235,325,272.286,71,17,9.143,655.151,65.819,55.143,14.379,3.443,1.852,1.67,128,25.922,656,132.853,,,,,32809,2009,6.644,0.407,2210,0.448,8.116,0.123,tests performed,85.19,4937796,69.874,38.7,13.928,8.678,67335.293,0.2,126.459,3.28,23,25.7,,2.96,82.3,0.938
IRL,Europe,Ireland,2020-04-02,5,3447,212,269,85,14,10.857,698.085,42.934,54.478,17.214,2.835,2.199,1.64,132,26.733,655,132.65,,,,,34784,1975,7.044,0.4,2010,0.407,7.472,0.134,tests performed,85.19,4937796,69.874,38.7,13.928,8.678,67335.293,0.2,126.459,3.28,23,25.7,,2.96,82.3,0.938
IRL,Europe,Ireland,2020-04-03,5,3849,402,290,98,13,11.286,779.498,81.413,58.731,19.847,2.633,2.286,1.62,137,27.745,704,142.574,,,,,36641,1857,7.421,0.376,1855,0.376,6.397,0.156,tests performed,85.19,4937796,69.874,38.7,13.928,8.678,67335.293,0.2,126.459,3.28,23,25.7,,2.96,82.3,0.938
IRL,Europe,Ireland,2020-04-04,5,4273,424,307.429,120,22,14,865.366,85.868,62.26,24.302,4.455,2.835,1.59,140,28.353,738,149.459,,,,,38490,1849,7.795,0.374,1804,0.365,5.868,0.17,tests performed,85.19,4937796,69.874,38.7,13.928,8.678,67335.293,0.2,126.459,3.28,23,25.7,,2.96,82.3,0.938
IRL,Europe,Ireland,2020-04-05,5,4604,331,312.714,137,17,14.429,932.4,67.034,63.331,27.745,3.443,2.922,1.57,139,28.15,702,142.169,4.027,0.816,167.136,33.848,41321,2831,8.368,0.573,1978,0.401,6.325,0.158,tests performed,85.19,4937796,69.874,38.7,13.928,8.678,67335.293,0.2,126.459,3.28,23,25.7,,2.96,82.3,0.938
IRL,Europe,Ireland,2020-04-06,5,5111,507,356.571,158,21,16,1035.077,102.677,72.213,31.998,4.253,3.24,1.56,144,29.163,829,167.889,,,,,47438,6117,9.607,1.239,2652,0.537,7.438,0.134,tests performed,90.74,4937796,69.874,38.7,13.928,8.678,67335.293,0.2,126.459,3.28,23,25.7,,2.96,82.3,0.938
IRL,Europe,Ireland,2020-04-07,5,5364,253,350.571,174,16,17.143,1086.315,51.237,70.998,35.238,3.24,3.472,1.55,143,28.96,828,167.686,,,,,49291,1853,9.982,0.375,2642,0.535,7.536,0.133,tests performed,90.74,4937796,69.874,38.7,13.928,8.678,67335.293,0.2,126.459,3.28,23,25.7,,2.96,82.3,0.938
IRL,Europe,Ireland,2020-04-08,5,5709,345,353.429,210,36,19.857,1156.184,69.869,71.576,42.529,7.291,4.021,1.55,146,29.568,837,169.509,,,,,53019,3728,10.737,0.755,2887,0.585,8.169,0.122,tests performed,90.74,4937796,69.874,38.7,13.928,8.678,67335.293,0.2,126.459,3.28,23,25.7,,2.96,82.3,0.938
IRL,Europe,Ireland,2020-04-09,5,6224,515,396.714,235,25,21.429,1260.481,104.298,80.342,47.592,5.063,4.34,1.56,151,30.58,838,169.711,,,,,58506,5487,11.849,1.111,3389,0.686,8.543,0.117,tests performed,90.74,4937796,69.874,38.7,13.928,8.678,67335.293,0.2,126.459,3.28,23,25.7,,2.96,82.3,0.938
IRL,Europe,Ireland,2020-04-10,5,7393,1169,506.286,263,28,23.571,1497.227,236.745,102.533,53.263,5.671,4.774,1.58,155,31.391,825,167.079,,,,,65465,6959,13.258,1.409,4118,0.834,8.134,0.123,tests performed,90.74,4937796,69.874,38.7,13.928,8.678,67335.293,0.2,126.459,3.28,23,25.7,,2.96,82.3,0.938
IRL,Europe,Ireland,2020-04-11,5,8089,696,545.143,287,24,23.857,1638.18,140.954,110.402,58.123,4.86,4.832,1.52,155,31.391,856,173.357,,,,,72455,6990,14.674,1.416,4852,0.983,8.9,0.112,tests performed,90.74,4937796,69.874,38.7,13.928,8.678,67335.293,0.2,126.459,3.28,23,25.7,,2.96,82.3,0.938
IRL,Europe,Ireland,2020-04-12,5,8928,839,617.714,320,33,26.143,1808.094,169.914,125.099,64.806,6.683,5.294,1.47,148,29.973,853,172.749,47.322,9.584,282.923,57.297,78177,5722,15.832,1.159,5265,1.066,8.523,0.117,tests performed,90.74,4937796,69.874,38.7,13.928,8.678,67335.293,0.2,126.459,3.28,23,25.7,,2.96,82.3,0.938
IRL,Europe,Ireland,2020-04-13,5,9655,727,649.143,334,14,25.143,1955.326,147.232,131.464,67.642,2.835,5.092,1.42,143,28.96,868,175.787,,,,,86604,8427,17.539,1.707,5595,1.133,8.619,0.116,tests performed,90.74,4937796,69.874,38.7,13.928,8.678,67335.293,0.2,126.459,3.28,23,25.7,,2.96,82.3,0.938
IRL,Europe,Ireland,2020-04-14,5,10647,992,754.714,365,31,27.286,2156.225,200.899,152.844,73.92,6.278,5.526,1.36,149,30.175,868,175.787,,,,,90879,4275,18.405,0.866,5941,1.203,7.872,0.127,tests performed,90.74,4937796,69.874,38.7,13.928,8.678,67335.293,0.2,126.459,3.28,23,25.7,,2.96,82.3,0.938
IRL,Europe,Ireland,2020-04-15,5,11479,832,824.286,406,41,28,2324.721,168.496,166.934,82.223,8.303,5.671,1.3,140,28.353,881,178.42,,,,,93915,3036,19.02,0.615,5842,1.183,7.087,0.141,tests performed,90.74,4937796,69.874,38.7,13.928,8.678,67335.293,0.2,126.459,3.28,23,25.7,,2.96,82.3,0.938
IRL,Europe,Ireland,2020-04-16,5,12547,1068,903.286,444,38,29.857,2541.012,216.291,182.933,89.919,7.696,6.047,1.24,142,28.758,856,173.357,,,,,97559,3644,19.758,0.738,5579,1.13,6.176,0.162,tests performed,90.74,4937796,69.874,38.7,13.928,8.678,67335.293,0.2,126.459,3.28,23,25.7,,2.96,82.3,0.938
IRL,Europe,Ireland,2020-04-17,5,13271,724,839.714,486,42,31.857,2687.636,146.624,170.059,98.424,8.506,6.452,1.18,137,27.745,852,172.547,,,,,101914,4355,20.64,0.882,5207,1.055,6.201,0.161,tests performed,90.74,4937796,69.874,38.7,13.928,8.678,67335.293,0.2,126.459,3.28,23,25.7,,2.96,82.3,0.938
IRL,Europe,Ireland,2020-04-18,5,13980,709,841.571,530,44,34.714,2831.223,143.586,170.435,107.335,8.911,7.03,1.13,134,27.138,811,164.243,,,,,104123,2209,21.087,0.447,4524,0.916,5.376,0.186,tests performed,90.74,4937796,69.874,38.7,13.928,8.678,67335.293,0.2,126.459,3.28,23,25.7,,2.96,82.3,0.938
IRL,Europe,Ireland,2020-04-19,5,14758,778,832.857,571,41,35.857,2988.783,157.56,168.67,115.639,8.303,7.262,1.08,133,26.935,816,165.256,59.404,12.03,223.519,45.267,106436,2313,21.555,0.468,4037,0.818,4.847,0.206,tests performed,90.74,4937796,69.874,38.7,13.928,8.678,67335.293,0.2,126.459,3.28,23,25.7,,2.96,82.3,0.938
IRL,Europe,Ireland,2020-04-20,5,15251,493,799.429,610,39,39.429,3088.625,99.842,161.9,123.537,7.898,7.985,1.04,139,28.15,820,166.066,,,,,108062,1626,21.885,0.329,3065,0.621,3.834,0.261,tests performed,90.74,4937796,69.874,38.7,13.928,8.678,67335.293,0.2,126.459,3.28,23,25.7,,2.96,82.3,0.938
IRL,Europe,Ireland,2020-04-21,5,15652,401,715,687,77,46,3169.835,81.21,144.801,139.131,15.594,9.316,1.01,133,26.935,774,156.75,,,,,111819,3757,22.646,0.761,2991,0.606,4.183,0.239,tests performed,90.74,4937796,69.874,38.7,13.928,8.678,67335.293,0.2,126.459,3.28,23,25.7,,2.96,82.3,0.938
IRL,Europe,Ireland,2020-04-22,5,16040,388,651.571,730,43,46.286,3248.413,78.578,131.956,147.839,8.708,9.374,0.98,131,26.53,778,157.56,,,,,117182,5363,23.732,1.086,3324,0.673,5.102,0.196,tests performed,90.74,4937796,69.874,38.7,13.928,8.678,67335.293,0.2,126.459,3.28,23,25.7,,2.96,82.3,0.938
IRL,Europe,Ireland,2020-04-23,5,16671,631,589.143,769,39,46.429,3376.203,127.79,119.313,155.737,7.898,9.403,0.96,123,24.91,742,150.269,,,,,122053,4871,24.718,0.986,3499,0.709,5.939,0.168,tests performed,90.74,4937796,69.874,38.7,13.928,8.678,67335.293,0.2,126.459,3.28,23,25.7,,2.96,82.3,0.938
IRL,Europe,Ireland,2020-04-24,5,17607,936,619.429,794,25,44,3565.761,189.558,125.446,160.8,5.063,8.911,0.93,118,23.897,745,150.877,,,,,127633,5580,25.848,1.13,3674,0.744,5.931,0.169,tests performed,90.74,4937796,69.874,38.7,13.928,8.678,67335.293,0.2,126.459,3.28,23,25.7,,2.96,82.3,0.938
IRL,Europe,Ireland,2020-04-25,5,18184,577,600.571,829,35,42.714,3682.615,116.854,121.627,167.889,7.088,8.65,0.89,123,24.91,736,149.054,,,,,133265,5632,26.989,1.141,4163,0.843,6.932,0.144,tests performed,90.74,4937796,69.874,38.7,13.928,8.678,67335.293,0.2,126.459,3.28,23,25.7,,2.96,82.3,0.938
IRL,Europe,Ireland,2020-04-26,5,18561,377,543.286,1063,234,70.286,3758.965,76.35,110.026,215.278,47.39,14.234,0.86,120,24.302,758,153.51,45.308,9.176,193.314,39.15,141863,8598,28.73,1.741,5061,1.025,9.316,0.107,tests performed,90.74,4937796,69.874,38.7,13.928,8.678,67335.293,0.2,126.459,3.28,23,25.7,,2.96,82.3,0.938
IRL,Europe,Ireland,2020-04-27,5,19262,701,573,1087,24,68.143,3900.931,141.966,116.044,220.139,4.86,13.8,0.83,117,23.695,771,156.143,,,,,146963,5100,29.763,1.033,5557,1.125,9.698,0.103,tests performed,90.74,4937796,69.874,38.7,13.928,8.678,67335.293,0.2,126.459,3.28,23,25.7,,2.96,82.3,0.938
IRL,Europe,Ireland,2020-04-28,5,19648,386,570.857,1102,15,59.286,3979.103,78.173,115.61,223.176,3.038,12.007,0.8,113,22.885,753,152.497,,,,,153269,6306,31.04,1.277,5921,1.199,10.372,0.096,tests performed,90.74,4937796,69.874,38.7,13.928,8.678,67335.293,0.2,126.459,3.28,23,25.7,,2.96,82.3,0.938
IRL,Europe,Ireland,2020-04-29,5,19877,229,548.143,1159,57,61.286,4025.48,46.377,111.01,234.72,11.544,12.412,0.77,103,20.86,760,153.915,,,,,161428,8159,32.692,1.652,6321,1.28,11.532,0.087,tests performed,90.74,4937796,69.874,38.7,13.928,8.678,67335.293,0.2,126.459,3.28,23,25.7,,2.96,82.3,0.938
IRL,Europe,Ireland,2020-04-30,5,20253,376,511.714,1190,31,60.143,4101.628,76.147,103.632,240.998,6.278,12.18,0.76,106,21.467,736,149.054,,,,,169646,8218,34.357,1.664,6799,1.377,13.287,0.075,tests performed,90.74,4937796,69.874,38.7,13.928,8.678,67335.293,0.2,126.459,3.28,23,25.7,,2.96,82.3,0.938
IRL,Europe,Ireland,2020-05-01,5,20612,359,429.286,1232,42,62.571,4174.332,72.705,86.939,249.504,8.506,12.672,0.74,99,20.049,740,149.864,,,,,177097,7451,35.866,1.509,7066,1.431,16.46,0.061,tests performed,90.74,4937796,69.874,38.7,13.928,8.678,67335.293,0.2,126.459,3.28,23,25.7,,2.96,82.3,0.938
IRL,Europe,Ireland,2020-05-02,5,20833,221,378.429,1265,33,62.286,4219.089,44.757,76.639,256.187,6.683,12.614,0.72,99,20.049,705,142.776,,,,,189173,12076,38.311,2.446,7987,1.618,21.106,0.047,tests performed,90.74,4937796,69.874,38.7,13.928,8.678,67335.293,0.2,126.459,3.28,23,25.7,,2.96,82.3,0.938
IRL,Europe,Ireland,2020-05-03,5,21176,343,373.571,1265,0,28.857,4288.553,69.464,75.656,256.187,0,5.844,0.71,93,18.834,684,138.523,18.123,3.67,209.423,42.412,198972,9799,40.296,1.984,8158,1.652,21.838,0.046,tests performed,90.74,4937796,69.874,38.7,13.928,8.678,67335.293,0.2,126.459,3.28,23,25.7,,2.96,82.3,0.938
IRL,Europe,Ireland,2020-05-04,5,21506,330,320.571,1303,38,30.857,4355.384,66.831,64.922,263.883,7.696,6.249,0.7,91,18.429,672,136.093,,,,,207589,8617,42.041,1.745,8661,1.754,27.017,0.037,tests performed,90.74,4937796,69.874,38.7,13.928,8.678,67335.293,0.2,126.459,3.28,23,25.7,,2.96,82.3,0.938
IRL,Europe,Ireland,2020-05-05,5,21722,216,296.286,1319,16,31,4399.129,43.744,60.004,267.123,3.24,6.278,0.68,90,18.227,680,137.713,,,,,215101,7512,43.562,1.521,8833,1.789,29.812,0.034,tests performed,90.74,4937796,69.874,38.7,13.928,8.678,67335.293,0.2,126.459,3.28,23,25.7,,2.96,82.3,0.938
IRL,Europe,Ireland,2020-05-06,5,21983,261,300.857,1339,20,25.714,4451.986,52.858,60.929,271.174,4.05,5.208,0.67,82,16.607,657,133.055,,,,,222916,7815,45.145,1.583,8784,1.779,29.197,0.034,tests performed,90.74,4937796,69.874,38.7,13.928,8.678,67335.293,0.2,126.459,3.28,23,25.7,,2.96,82.3,0.938
IRL,Europe,Ireland,2020-05-07,5,22248,265,285,1375,36,26.429,4505.654,53.668,57.718,278.464,7.291,5.352,0.66,76,15.391,614,124.347,,,,,228619,5703,46.3,1.155,8425,1.706,29.561,0.034,tests performed,90.74,4937796,69.874,38.7,13.928,8.678,67335.293,0.2,126.459,3.28,23,25.7,,2.96,82.3,0.938
IRL,Europe,Ireland,2020-05-08,5,22385,137,253.286,1403,28,24.429,4533.399,27.745,51.295,284.135,5.671,4.947,0.66,72,14.581,585,118.474,,,,,233592,4973,47.307,1.007,8071,1.635,31.865,0.031,tests performed,90.74,4937796,69.874,38.7,13.928,8.678,67335.293,0.2,126.459,3.28,23,25.7,,2.96,82.3,0.938
IRL,Europe,Ireland,2020-05-09,5,22541,156,244,1429,26,23.429,4564.992,31.593,49.415,289.4,5.266,4.745,0.65,72,14.581,539,109.158,,,,,241249,7657,48.858,1.551,7439,1.507,30.488,0.033,tests performed,90.74,4937796,69.874,38.7,13.928,8.678,67335.293,0.2,126.459,3.28,23,25.7,,2.96,82.3,0.938
IRL,Europe,Ireland,2020-05-10,5,22760,219,226.286,1446,17,25.857,4609.344,44.352,45.827,292.843,3.443,5.237,0.65,72,14.581,539,109.158,,,124.848,25.284,247756,6507,50.175,1.318,6969,1.411,30.797,0.032,tests performed,90.74,4937796,69.874,38.7,13.928,8.678,67335.293,0.2,126.459,3.28,23,25.7,,2.96,82.3,0.938
IRL,Europe,Ireland,2020-05-11,5,22996,236,212.857,1458,12,22.143,4657.139,47.795,43.108,295.273,2.43,4.484,0.65,69,13.974,555,112.398,,,,,253130,5374,51.264,1.088,6506,1.318,30.565,0.033,tests performed,90.74,4937796,69.874,38.7,13.928,8.678,67335.293,0.2,126.459,3.28,23,25.7,,2.96,82.3,0.938
IRL,Europe,Ireland,2020-05-12,5,23135,139,201.857,1467,9,21.143,4685.289,28.15,40.88,297.096,1.823,4.282,0.64,67,13.569,512,103.69,,,,,259268,6138,52.507,1.243,6310,1.278,31.26,0.032,tests performed,90.74,4937796,69.874,38.7,13.928,8.678,67335.293,0.2,126.459,3.28,23,25.7,,2.96,82.3,0.938
IRL,Europe,Ireland,2020-05-13,5,23242,107,179.857,1488,21,21.286,4706.958,21.67,36.425,301.349,4.253,4.311,0.64,62,12.556,486,98.424,,,,,263942,4674,53.453,0.947,5861,1.187,32.587,0.031,tests performed,90.74,4937796,69.874,38.7,13.928,8.678,67335.293,0.2,126.459,3.28,23,25.7,,2.96,82.3,0.938
IRL,Europe,Ireland,2020-05-14,5,23401,159,164.714,1497,9,17.429,4739.159,32.201,33.358,303.172,1.823,3.53,0.65,59,11.949,459,92.956,,,,,270152,6210,54.711,1.258,5933,1.202,36.02,0.028,tests performed,90.74,4937796,69.874,38.7,13.928,8.678,67335.293,0.2,126.459,3.28,23,25.7,,2.96,82.3,0.938
IRL,Europe,Ireland,2020-05-15,5,23827,426,206,1506,9,14.714,4825.432,86.273,41.719,304.994,1.823,2.98,0.62,56,11.341,419,84.856,,,,,275851,5699,55.865,1.154,6037,1.223,29.306,0.034,tests performed,90.74,4937796,69.874,38.7,13.928,8.678,67335.293,0.2,126.459,3.28,23,25.7,,2.96,82.3,0.938
IRL,Europe,Ireland,2020-05-16,5,23956,129,202.143,1518,12,12.714,4851.557,26.125,40.938,307.425,2.43,2.575,0.6,54,10.936,386,78.173,,,,,282185,6334,57.148,1.283,5848,1.184,28.93,0.035,tests performed,90.74,4937796,69.874,38.7,13.928,8.678,67335.293,0.2,126.459,3.28,23,25.7,,2.96,82.3,0.938
IRL,Europe,Ireland,2020-05-17,5,24048,92,184,1533,15,12.429,4870.189,18.632,37.264,310.462,3.038,2.517,0.58,51,10.328,395,79.995,19.13,3.874,71.486,14.477,288634,6449,58.454,1.306,5840,1.183,31.739,0.032,tests performed,90.74,4937796,69.874,38.7,13.928,8.678,67335.293,0.2,126.459,3.28,23,25.7,,2.96,82.3,0.938
IRL,Europe,Ireland,2020-05-18,5,24112,64,159.429,1543,10,12.143,4883.15,12.961,32.287,312.488,2.025,2.459,0.57,55,11.139,386,78.173,,,,,292598,3964,59.257,0.803,5638,1.142,35.364,0.028,tests performed,83.33,4937796,69.874,38.7,13.928,8.678,67335.293,0.2,126.459,3.28,23,25.7,,2.96,82.3,0.938
IRL,Europe,Ireland,2020-05-19,4,24200,88,152.143,1547,4,11.429,4900.972,17.822,30.812,313.298,0.81,2.315,0.56,54,10.936,368,74.527,,,,,295876,3278,59.921,0.664,5230,1.059,34.376,0.029,tests performed,83.33,4937796,69.874,38.7,13.928,8.678,67335.293,0.2,126.459,3.28,23,25.7,,2.96,82.3,0.938
IRL,Europe,Ireland,2020-05-20,4,24251,51,144.143,1561,14,10.429,4911.301,10.328,29.192,316.133,2.835,2.112,0.56,49,9.923,367,74.325,,,,,300640,4764,60.885,0.965,5243,1.062,36.374,0.027,tests performed,83.33,4937796,69.874,38.7,13.928,8.678,67335.293,0.2,126.459,3.28,23,25.7,,2.96,82.3,0.938
IRL,Europe,Ireland,2020-05-21,4,24315,64,130.571,1571,10,10.571,4924.262,12.961,26.443,318.158,2.025,2.141,0.56,52,10.531,315,63.794,,,,,305914,5274,61.954,1.068,5109,1.035,39.128,0.026,tests performed,83.33,4937796,69.874,38.7,13.928,8.678,67335.293,0.2,126.459,3.28,23,25.7,,2.96,82.3,0.938
IRL,Europe,Ireland,2020-05-22,4,24391,76,80.571,1583,12,11,4939.653,15.391,16.317,320.588,2.43,2.228,0.56,49,9.923,316,63.996,,,,,311287,5373,63.042,1.088,5062,1.025,62.826,0.016,tests performed,83.33,4937796,69.874,38.7,13.928,8.678,67335.293,0.2,126.459,3.28,23,25.7,,2.96,82.3,0.938
IRL,Europe,Ireland,2020-05-23,4,24506,115,78.571,1592,9,10.571,4962.943,23.29,15.912,322.411,1.823,2.141,0.55,51,10.328,303,61.363,,,,,315563,4276,63.908,0.866,4768,0.966,60.684,0.016,tests performed,83.33,4937796,69.874,38.7,13.928,8.678,67335.293,0.2,126.459,3.28,23,25.7,,2.96,82.3,0.938
IRL,Europe,Ireland,2020-05-24,4,24582,76,76.286,1604,12,10.143,4978.334,15.391,15.449,324.841,2.43,2.054,0.55,49,9.923,304,61.566,10.068,2.039,74.506,15.089,319072,3509,64.618,0.711,4348,0.881,56.996,0.018,tests performed,83.33,4937796,69.874,38.7,13.928,8.678,67335.293,0.2,126.459,3.28,23,25.7,,2.96,82.3,0.938
IRL,Europe,Ireland,2020-05-25,4,24639,57,75.286,1606,2,9,4989.878,11.544,15.247,325.246,0.405,1.823,0.55,48,9.721,305,61.768,,,,,322601,3529,65.333,0.715,4286,0.868,56.93,0.018,tests performed,83.33,4937796,69.874,38.7,13.928,8.678,67335.293,0.2,126.459,3.28,23,25.7,,2.96,82.3,0.938
IRL,Europe,Ireland,2020-05-26,4,24698,59,71.143,1606,0,8.429,5001.827,11.949,14.408,325.246,0,1.707,0.54,48,9.721,287,58.123,,,,,326116,3515,66.045,0.712,4320,0.875,60.723,0.016,tests performed,83.33,4937796,69.874,38.7,13.928,8.678,67335.293,0.2,126.459,3.28,23,25.7,,2.96,82.3,0.938
IRL,Europe,Ireland,2020-05-27,4,24735,37,69.143,1615,9,7.714,5009.32,7.493,14.003,327.069,1.823,1.562,0.55,48,9.721,263,53.263,,,,,329553,3437,66.741,0.696,4130,0.836,59.731,0.017,tests performed,83.33,4937796,69.874,38.7,13.928,8.678,67335.293,0.2,126.459,3.28,23,25.7,,2.96,82.3,0.938
IRL,Europe,Ireland,2020-05-28,4,24803,68,69.714,1631,16,8.571,5023.091,13.771,14.119,330.309,3.24,1.736,0.54,45,9.113,231,46.782,,,,,333364,3811,67.513,0.772,3921,0.794,56.244,0.018,tests performed,83.33,4937796,69.874,38.7,13.928,8.678,67335.293,0.2,126.459,3.28,23,25.7,,2.96,82.3,0.938
IRL,Europe,Ireland,2020-05-29,4,24841,38,64.286,1639,8,8,5030.787,7.696,13.019,331.929,1.62,1.62,0.55,42,8.506,197,39.896,,,,,337728,4364,68.397,0.884,3777,0.765,58.753,0.017,tests performed,83.33,4937796,69.874,38.7,13.928,8.678,67335.293,0.2,126.459,3.28,23,25.7,,2.96,82.3,0.938
IRL,Europe,Ireland,2020-05-30,4,24876,35,52.857,1645,6,7.571,5037.875,7.088,10.705,333.145,1.215,1.533,0.55,36,7.291,173,35.036,,,,,341151,3423,69.09,0.693,3655,0.74,69.149,0.014,tests performed,83.33,4937796,69.874,38.7,13.928,8.678,67335.293,0.2,126.459,3.28,23,25.7,,2.96,82.3,0.938
IRL,Europe,Ireland,2020-05-31,4,24929,53,49.571,1650,5,6.571,5048.609,10.734,10.039,334.157,1.013,1.331,0.55,36,7.291,184,37.264,15.103,3.059,53.363,10.807,344625,3474,69.793,0.704,3650,0.739,73.631,0.014,tests performed,83.33,4937796,69.874,38.7,13.928,8.678,67335.293,0.2,126.459,3.28,23,25.7,,2.96,82.3,0.938
IRL,Europe,Ireland,2020-06-01,4,24990,61,50.143,1650,0,6.286,5060.962,12.354,10.155,334.157,0,1.273,0.55,37,7.493,176,35.643,,,,,346910,2285,70.256,0.463,3473,0.703,69.262,0.014,tests performed,83.33,4937796,69.874,38.7,13.928,8.678,67335.293,0.2,126.459,3.28,23,25.7,,2.96,82.3,0.938
IRL,Europe,Ireland,2020-06-02,4,25062,72,52,1650,0,6.286,5075.544,14.581,10.531,334.157,0,1.273,0.53,36,7.291,194,39.289,,,,,348737,1827,70.626,0.37,3232,0.655,62.154,0.016,tests performed,83.33,4937796,69.874,38.7,13.928,8.678,67335.293,0.2,126.459,3.28,23,25.7,,2.96,82.3,0.938
IRL,Europe,Ireland,2020-06-03,4,25066,4,47.286,1658,8,6.143,5076.354,0.81,9.576,335.777,1.62,1.244,0.53,37,7.493,166,33.618,,,,,351223,2486,71.13,0.503,3096,0.627,65.474,0.015,tests performed,83.33,4937796,69.874,38.7,13.928,8.678,67335.293,0.2,126.459,3.28,23,25.7,,2.96,82.3,0.938
IRL,Europe,Ireland,2020-06-04,4,25111,45,44,1659,1,4,5085.467,9.113,8.911,335.98,0.203,0.81,0.52,36,7.291,154,31.188,,,,,354322,3099,71.757,0.628,2994,0.606,68.045,0.015,tests performed,83.33,4937796,69.874,38.7,13.928,8.678,67335.293,0.2,126.459,3.28,23,25.7,,2.96,82.3,0.938
IRL,Europe,Ireland,2020-06-05,4,25142,31,43,1664,5,3.571,5091.745,6.278,8.708,336.992,1.013,0.723,0.51,37,7.493,139,28.15,,,,,357556,3234,72.412,0.655,2833,0.574,65.884,0.015,tests performed,72.22,4937796,69.874,38.7,13.928,8.678,67335.293,0.2,126.459,3.28,23,25.7,,2.96,82.3,0.938
IRL,Europe,Ireland,2020-06-06,4,25163,21,41,1670,6,3.571,5095.998,4.253,8.303,338.208,1.215,0.723,0.51,36,7.291,122,24.707,,,,,360662,3106,73.041,0.629,2787,0.564,67.976,0.015,tests performed,72.22,4937796,69.874,38.7,13.928,8.678,67335.293,0.2,126.459,3.28,23,25.7,,2.96,82.3,0.938
IRL,Europe,Ireland,2020-06-07,4,25183,20,36.286,1670,0,2.857,5100.049,4.05,7.349,338.208,0,0.579,0.51,34,6.886,125,25.315,3.021,0.612,27.185,5.505,363490,2828,73.614,0.573,2695,0.546,74.272,0.013,tests performed,72.22,4937796,69.874,38.7,13.928,8.678,67335.293,0.2,126.459,3.28,23,25.7,,2.96,82.3,0.938
IRL,Europe,Ireland,2020-06-08,4,25201,18,30.143,1679,9,4.143,5103.694,3.645,6.105,340.03,1.823,0.839,0.51,34,6.886,122,24.707,,,,,365450,1960,74.011,0.397,2649,0.536,87.882,0.011,tests performed,72.22,4937796,69.874,38.7,13.928,8.678,67335.293,0.2,126.459,3.28,23,25.7,,2.96,82.3,0.938
IRL,Europe,Ireland,2020-06-09,3,25207,6,20.714,1683,4,4.714,5104.909,1.215,4.195,340.84,0.81,0.955,0.52,35,7.088,110,22.277,,,,,367805,2355,74.488,0.477,2724,0.552,131.503,0.008,tests performed,72.22,4937796,69.874,38.7,13.928,8.678,67335.293,0.2,126.459,3.28,23,25.7,,2.96,82.3,0.938
IRL,Europe,Ireland,2020-06-10,3,25215,8,21.286,1691,8,4.714,5106.529,1.62,4.311,342.46,1.62,0.955,0.53,29,5.873,102,20.657,,,,,370480,2675,75.029,0.542,2751,0.557,129.242,0.008,tests performed,72.22,4937796,69.874,38.7,13.928,8.678,67335.293,0.2,126.459,3.28,23,25.7,,2.96,82.3,0.938
IRL,Europe,Ireland,2020-06-11,3,25231,16,17.143,1695,4,5.143,5109.77,3.24,3.472,343.271,0.81,1.042,0.55,27,5.468,89,18.024,,,,,374720,4240,75.888,0.859,2914,0.59,169.983,0.006,tests performed,72.22,4937796,69.874,38.7,13.928,8.678,67335.293,0.2,126.459,3.28,23,25.7,,2.96,82.3,0.938
IRL,Europe,Ireland,2020-06-12,3,25238,7,13.714,1703,8,5.571,5111.187,1.418,2.777,344.891,1.62,1.128,0.57,27,5.468,79,15.999,,,,,377729,3009,76.497,0.609,2882,0.584,210.146,0.005,tests performed,72.22,4937796,69.874,38.7,13.928,8.678,67335.293,0.2,126.459,3.28,23,25.7,,2.96,82.3,0.938
IRL,Europe,Ireland,2020-06-13,3,25250,12,12.429,1705,2,5,5113.617,2.43,2.517,345.296,0.405,1.013,0.6,,,76,15.391,,,,,380441,2712,77.047,0.549,2826,0.572,227.379,0.004,tests performed,72.22,4937796,69.874,38.7,13.928,8.678,67335.293,0.2,126.459,3.28,23,25.7,,2.96,82.3,0.938
IRL,Europe,Ireland,2020-06-14,3,25295,45,16,1705,0,5,5122.731,9.113,3.24,345.296,0,1.013,0.6,27,5.468,81,16.404,7.048,1.427,30.205,6.117,382953,2512,77.555,0.509,2780,0.563,173.75,0.006,tests performed,72.22,4937796,69.874,38.7,13.928,8.678,67335.293,0.2,126.459,3.28,23,25.7,,2.96,82.3,0.938
IRL,Europe,Ireland,2020-06-15,3,25303,8,14.571,1706,1,3.857,5124.351,1.62,2.951,345.498,0.203,0.781,0.61,24,4.86,78,15.797,,,,,384667,1714,77.903,0.347,2745,0.556,188.382,0.005,tests performed,72.22,4937796,69.874,38.7,13.928,8.678,67335.293,0.2,126.459,3.28,23,25.7,,2.96,82.3,0.938
IRL,Europe,Ireland,2020-06-16,3,25321,18,16.286,1706,0,3.286,5127.996,3.645,3.298,345.498,0,0.665,0.61,20,4.05,69,13.974,,,,,386779,2112,78.33,0.428,2711,0.549,166.465,0.006,tests performed,72.22,4937796,69.874,38.7,13.928,8.678,67335.293,0.2,126.459,3.28,23,25.7,,2.96,82.3,0.938
IRL,Europe,Ireland,2020-06-17,3,25334,13,17,1709,3,2.571,5130.629,2.633,3.443,346.106,0.608,0.521,0.61,21,4.253,60,12.151,,,,,390199,3420,79.023,0.693,2817,0.57,165.706,0.006,tests performed,72.22,4937796,69.874,38.7,13.928,8.678,67335.293,0.2,126.459,3.28,23,25.7,,2.96,82.3,0.938
IRL,Europe,Ireland,2020-06-18,3,25341,7,15.714,1710,1,2.143,5132.047,1.418,3.182,346.308,0.203,0.434,0.62,21,4.253,48,9.721,,,,,393558,3359,79.703,0.68,2691,0.545,171.245,0.006,tests performed,72.22,4937796,69.874,38.7,13.928,8.678,67335.293,0.2,126.459,3.28,23,25.7,,2.96,82.3,0.938
IRL,Europe,Ireland,2020-06-19,3,25355,14,16.714,1714,4,1.571,5134.882,2.835,3.385,347.118,0.81,0.318,0.63,16,3.24,44,8.911,,,,,396719,3161,80.343,0.64,2713,0.549,162.316,0.006,tests performed,72.22,4937796,69.874,38.7,13.928,8.678,67335.293,0.2,126.459,3.28,23,25.7,,2.96,82.3,0.938
IRL,Europe,Ireland,2020-06-20,3,25368,13,16.857,1714,0,1.286,5137.515,2.633,3.414,347.118,0,0.26,0.64,17,3.443,41,8.303,,,,,399443,2724,80.895,0.552,2715,0.55,161.059,0.006,tests performed,72.22,4937796,69.874,38.7,13.928,8.678,67335.293,0.2,126.459,3.28,23,25.7,,2.96,82.3,0.938
IRL,Europe,Ireland,2020-06-21,3,25374,6,11.286,1715,1,1.429,5138.73,1.215,2.286,347.321,0.203,0.289,0.66,16,3.24,41,8.303,14.096,2.855,19.13,3.874,401602,2159,81.332,0.437,2664,0.54,236.051,0.004,tests performed,72.22,4937796,69.874,38.7,13.928,8.678,67335.293,0.2,126.459,3.28,23,25.7,,2.96,82.3,0.938
IRL,Europe,Ireland,2020-06-22,3,25379,5,10.857,1715,0,1.286,5139.743,1.013,2.199,347.321,0,0.26,0.68,16,3.24,43,8.708,,,,,403100,1498,81.636,0.303,2633,0.533,242.513,0.004,tests performed,72.22,4937796,69.874,38.7,13.928,8.678,67335.293,0.2,126.459,3.28,23,25.7,,2.96,82.3,0.938
IRL,Europe,Ireland,2020-06-23,3,25383,4,8.857,1717,2,1.571,5140.553,0.81,1.794,347.726,0.405,0.318,0.71,11,2.228,40,8.101,,,,,405216,2116,82.064,0.429,2634,0.533,297.387,0.003,tests performed,72.22,4937796,69.874,38.7,13.928,8.678,67335.293,0.2,126.459,3.28,23,25.7,,2.96,82.3,0.938
IRL,Europe,Ireland,2020-06-24,3,25391,8,8.143,1720,3,1.571,5142.173,1.62,1.649,348.334,0.608,0.318,0.75,9,1.823,37,7.493,,,,,408468,3252,82.723,0.659,2610,0.529,320.526,0.003,tests performed,72.22,4937796,69.874,38.7,13.928,8.678,67335.293,0.2,126.459,3.28,23,25.7,,2.96,82.3,0.938
IRL,Europe,Ireland,2020-06-25,3,25396,5,7.857,1726,6,2.286,5143.185,1.013,1.591,349.549,1.215,0.463,0.79,12,2.43,30,6.076,,,,,411451,2983,83.327,0.604,2556,0.518,325.309,0.003,tests performed,72.22,4937796,69.874,38.7,13.928,8.678,67335.293,0.2,126.459,3.28,23,25.7,,2.96,82.3,0.938
IRL,Europe,Ireland,2020-06-26,3,25405,9,7.143,1727,1,1.857,5145.008,1.823,1.447,349.751,0.203,0.376,0.84,12,2.43,26,5.266,,,,,415140,3689,84.074,0.747,2632,0.533,368.48,0.003,tests performed,38.89,4937796,69.874,38.7,13.928,8.678,67335.293,0.2,126.459,3.28,23,25.7,,2.96,82.3,0.938
IRL,Europe,Ireland,2020-06-27,3,25414,9,6.571,1730,3,2.286,5146.831,1.823,1.331,350.359,0.608,0.463,0.88,11,2.228,22,4.455,,,,,419147,4007,84.885,0.811,2815,0.57,428.37,0.002,tests performed,38.89,4937796,69.874,38.7,13.928,8.678,67335.293,0.2,126.459,3.28,23,25.7,,2.96,82.3,0.938
IRL,Europe,Ireland,2020-06-28,3,25437,23,9,1734,4,2.714,5151.489,4.658,1.823,351.169,0.81,0.55,0.9,11,2.228,20,4.05,4.027,0.816,8.055,1.631,421871,2724,85.437,0.552,2896,0.586,321.778,0.003,tests performed,38.89,4937796,69.874,38.7,13.928,8.678,67335.293,0.2,126.459,3.28,23,25.7,,2.96,82.3,0.938
IRL,Europe,Ireland,2020-06-29,3,25439,2,8.571,1735,1,2.857,5151.894,0.405,1.736,351.371,0.203,0.579,0.93,12,2.43,22,4.455,,,,,425211,3340,86.114,0.676,3159,0.64,368.55,0.003,tests performed,38.89,4937796,69.874,38.7,13.928,8.678,67335.293,0.2,126.459,3.28,23,25.7,,2.96,82.3,0.938
IRL,Europe,Ireland,2020-06-30,2,25462,23,11.286,1735,0,2.571,5156.552,4.658,2.286,351.371,0,0.521,0.94,13,2.633,21,4.253,,,,,429802,4591,87.043,0.93,3512,0.711,311.19,0.003,tests performed,38.89,4937796,69.874,38.7,13.928,8.678,67335.293,0.2,126.459,3.28,23,25.7,,2.96,82.3,0.938
IRL,Europe,Ireland,2020-07-01,2,25473,11,11.714,1736,1,2.286,5158.779,2.228,2.372,351.574,0.203,0.463,0.95,12,2.43,21,4.253,,,,,434353,4551,87.965,0.922,3698,0.749,315.683,0.003,tests performed,38.89,4937796,69.874,38.7,13.928,8.678,67335.293,0.2,126.459,3.28,23,25.7,,2.96,82.3,0.938
IRL,Europe,Ireland,2020-07-02,2,25477,4,11.571,1738,2,1.714,5159.589,0.81,2.343,351.979,0.405,0.347,0.97,10,2.025,18,3.645,,,,,438145,3792,88.733,0.768,3813,0.772,329.519,0.003,tests performed,38.89,4937796,69.874,38.7,13.928,8.678,67335.293,0.2,126.459,3.28,23,25.7,,2.96,82.3,0.938
IRL,Europe,Ireland,2020-07-03,2,25489,12,12,1738,0,1.571,5162.02,2.43,2.43,351.979,0,0.318,0.99,10,2.025,20,4.05,,,,,446194,8049,90.363,1.63,4436,0.898,369.667,0.003,tests performed,38.89,4937796,69.874,38.7,13.928,8.678,67335.293,0.2,126.459,3.28,23,25.7,,2.96,82.3,0.938
IRL,Europe,Ireland,2020-07-04,2,25498,9,12,1740,2,1.429,5163.842,1.823,2.43,352.384,0.405,0.289,1.02,11,2.228,22,4.455,,,,,454506,8312,92.046,1.683,5051,1.023,420.917,0.002,tests performed,38.89,4937796,69.874,38.7,13.928,8.678,67335.293,0.2,126.459,3.28,23,25.7,,2.96,82.3,0.938
IRL,Europe,Ireland,2020-07-05,2,25509,11,10.286,1741,1,1,5166.07,2.228,2.083,352.586,0.203,0.203,1.04,10,2.025,20,4.05,6.041,1.223,8.055,1.631,461506,7000,93.464,1.418,5662,1.147,550.472,0.002,tests performed,38.89,4937796,69.874,38.7,13.928,8.678,67335.293,0.2,126.459,3.28,23,25.7,,2.96,82.3,0.938
IRL,Europe,Ireland,2020-07-06,2,25527,18,12.571,1741,0,0.857,5169.715,3.645,2.546,352.586,0,0.174,1.05,10,2.025,19,3.848,,,,,468035,6529,94.786,1.322,6118,1.239,486.659,0.002,tests performed,38.89,4937796,69.874,38.7,13.928,8.678,67335.293,0.2,126.459,3.28,23,25.7,,2.96,82.3,0.938
IRL,Europe,Ireland,2020-07-07,2,25531,4,9.857,1741,0,0.857,5170.525,0.81,1.996,352.586,0,0.174,1.09,9,1.823,20,4.05,,,,,474196,6161,96.034,1.248,6342,1.284,643.391,0.002,tests performed,38.89,4937796,69.874,38.7,13.928,8.678,67335.293,0.2,126.459,3.28,23,25.7,,2.96,82.3,0.938
IRL,Europe,Ireland,2020-07-08,2,25538,7,9.286,1743,2,1,5171.943,1.418,1.881,352.991,0.405,0.203,1.13,9,1.823,12,2.43,,,,,478557,4361,96.917,0.883,6315,1.279,680.077,0.001,tests performed,38.89,4937796,69.874,38.7,13.928,8.678,67335.293,0.2,126.459,3.28,23,25.7,,2.96,82.3,0.938
IRL,Europe,Ireland,2020-07-09,2,25542,4,9.286,1743,0,0.714,5172.753,0.81,1.881,352.991,0,0.145,1.18,9,1.823,13,2.633,,,,,482502,3945,97.716,0.799,6337,1.283,682.446,0.001,tests performed,38.89,4937796,69.874,38.7,13.928,8.678,67335.293,0.2,126.459,3.28,23,25.7,,2.96,82.3,0.938
IRL,Europe,Ireland,2020-07-10,2,25565,23,10.857,1743,0,0.714,5177.411,4.658,2.199,352.991,0,0.145,1.21,9,1.823,11,2.228,,,,,491832,9330,99.606,1.89,6520,1.32,600.526,0.002,tests performed,38.89,4937796,69.874,38.7,13.928,8.678,67335.293,0.2,126.459,3.28,23,25.7,,2.96,82.3,0.938
IRL,Europe,Ireland,2020-07-11,2,25589,24,13,1744,1,0.571,5182.272,4.86,2.633,353.194,0.203,0.116,1.22,10,2.025,13,2.633,,,,,500761,8929,101.414,1.808,6608,1.338,508.308,0.002,tests performed,38.89,4937796,69.874,38.7,13.928,8.678,67335.293,0.2,126.459,3.28,23,25.7,,2.96,82.3,0.938
IRL,Europe,Ireland,2020-07-12,2,25611,22,14.571,1746,2,0.714,5186.727,4.455,2.951,353.599,0.405,0.145,1.22,11,2.228,12,2.43,1.007,0.204,4.027,0.816,509478,8717,103.179,1.765,6853,1.388,470.304,0.002,tests performed,38.89,4937796,69.874,38.7,13.928,8.678,67335.293,0.2,126.459,3.28,23,25.7,,2.96,82.3,0.938
IRL,Europe,Ireland,2020-07-13,2,25628,17,14.429,1746,0,0.714,5190.17,3.443,2.922,353.599,0,0.145,1.22,10,2.025,11,2.228,,,,,517142,7664,104.731,1.552,7015,1.421,486.188,0.002,tests performed,38.89,4937796,69.874,38.7,13.928,8.678,67335.293,0.2,126.459,3.28,23,25.7,,2.96,82.3,0.938
IRL,Europe,Ireland,2020-07-14,2,25638,10,15.286,1746,0,0.714,5192.195,2.025,3.096,353.599,0,0.145,1.23,10,2.025,13,2.633,,,,,523542,6400,106.027,1.296,7049,1.428,461.15,0.002,tests performed,38.89,4937796,69.874,38.7,13.928,8.678,67335.293,0.2,126.459,3.28,23,25.7,,2.96,82.3,0.938
IRL,Europe,Ireland,2020-07-15,2,25670,32,18.857,1746,0,0.429,5198.676,6.481,3.819,353.599,0,0.087,1.22,8,1.62,12,2.43,,,,,527929,4387,106.916,0.888,7053,1.428,374.023,0.003,tests performed,38.89,4937796,69.874,38.7,13.928,8.678,67335.293,0.2,126.459,3.28,23,25.7,,2.96,82.3,0.938
IRL,Europe,Ireland,2020-07-16,2,25683,13,20.143,1748,2,0.714,5201.308,2.633,4.079,354.004,0.405,0.145,1.22,8,1.62,12,2.43,,,,,532245,4316,107.79,0.874,7106,1.439,352.78,0.003,tests performed,38.89,4937796,69.874,38.7,13.928,8.678,67335.293,0.2,126.459,3.28,23,25.7,,2.96,82.3,0.938
IRL,Europe,Ireland,2020-07-17,2,25698,15,19,1749,1,0.857,5204.346,3.038,3.848,354.207,0.203,0.174,1.23,8,1.62,12,2.43,,,,,541757,9512,109.716,1.926,7132,1.444,375.368,0.003,tests performed,38.89,4937796,69.874,38.7,13.928,8.678,67335.293,0.2,126.459,3.28,23,25.7,,2.96,82.3,0.938
IRL,Europe,Ireland,2020-07-18,2,25730,32,20.143,1752,3,1.143,5210.827,6.481,4.079,354.814,0.608,0.231,1.21,8,1.62,10,2.025,,,,,551000,9243,111.588,1.872,7177,1.453,356.305,0.003,tests performed,38.89,4937796,69.874,38.7,13.928,8.678,67335.293,0.2,126.459,3.28,23,25.7,,2.96,82.3,0.938
IRL,Europe,Ireland,2020-07-19,2,25750,20,19.857,1753,1,1,5214.877,4.05,4.021,355.017,0.203,0.203,1.2,9,1.823,10,2.025,2.014,0.408,9.062,1.835,559630,8630,113.336,1.748,7165,1.451,360.827,0.003,tests performed,38.89,4937796,69.874,38.7,13.928,8.678,67335.293,0.2,126.459,3.28,23,25.7,,2.96,82.3,0.938
IRL,Europe,Ireland,2020-07-20,2,25760,10,18.857,1753,0,1,5216.902,2.025,3.819,355.017,0,0.203,1.21,8,1.62,12,2.43,,,,,568045,8415,115.04,1.704,7272,1.473,385.636,0.003,tests performed,38.89,4937796,69.874,38.7,13.928,8.678,67335.293,0.2,126.459,3.28,23,25.7,,2.96,82.3,0.938
IRL,Europe,Ireland,2020-07-21,2,25766,6,18.286,1753,0,1,5218.118,1.215,3.703,355.017,0,0.203,1.24,7,1.418,13,2.633,,,,,574719,6674,116.392,1.352,7311,1.481,399.82,0.003,tests performed,38.89,4937796,69.874,38.7,13.928,8.678,67335.293,0.2,126.459,3.28,23,25.7,,2.96,82.3,0.938
IRL,Europe,Ireland,2020-07-22,2,25802,36,18.857,1753,0,1,5225.408,7.291,3.819,355.017,0,0.203,1.24,6,1.215,14,2.835,,,,,579338,4619,117.327,0.935,7344,1.487,389.455,0.003,tests performed,38.89,4937796,69.874,38.7,13.928,8.678,67335.293,0.2,126.459,3.28,23,25.7,,2.96,82.3,0.938
IRL,Europe,Ireland,2020-07-23,2,25819,17,19.429,1754,1,0.857,5228.851,3.443,3.935,355.219,0.203,0.174,1.25,6,1.215,13,2.633,,,,,583405,4067,118.151,0.824,7309,1.48,376.199,0.003,tests performed,38.89,4937796,69.874,38.7,13.928,8.678,67335.293,0.2,126.459,3.28,23,25.7,,2.96,82.3,0.938
IRL,Europe,Ireland,2020-07-24,2,25826,7,18.286,1763,9,2,5230.269,1.418,3.703,357.042,1.823,0.405,1.27,5,1.013,11,2.228,,,,,592385,8980,119.97,1.819,7233,1.465,395.555,0.003,tests performed,38.89,4937796,69.874,38.7,13.928,8.678,67335.293,0.2,126.459,3.28,23,25.7,,2.96,82.3,0.938
IRL,Europe,Ireland,2020-07-25,2,25845,19,16.429,1763,0,1.571,5234.117,3.848,3.327,357.042,0,0.318,1.3,5,1.013,10,2.025,,,,,601273,8888,121.77,1.8,7182,1.454,437.165,0.002,tests performed,38.89,4937796,69.874,38.7,13.928,8.678,67335.293,0.2,126.459,3.28,23,25.7,,2.96,82.3,0.938
IRL,Europe,Ireland,2020-07-26,2,25869,24,17,1763,0,1.429,5238.977,4.86,3.443,357.042,0,0.289,1.33,5,1.013,11,2.228,3.021,0.612,11.075,2.243,609289,8016,123.393,1.623,7094,1.437,417.294,0.002,tests performed,38.89,4937796,69.874,38.7,13.928,8.678,67335.293,0.2,126.459,3.28,23,25.7,,2.96,82.3,0.938
IRL,Europe,Ireland,2020-07-27,2,25881,12,17.286,1763,0,1.429,5241.407,2.43,3.501,357.042,0,0.289,1.38,6,1.215,11,2.228,,,,,615093,5804,124.568,1.175,6721,1.361,388.818,0.003,tests performed,38.89,4937796,69.874,38.7,13.928,8.678,67335.293,0.2,126.459,3.28,23,25.7,,2.96,82.3,0.938
IRL,Europe,Ireland,2020-07-28,2,25892,11,18,1763,0,1.429,5243.635,2.228,3.645,357.042,0,0.289,1.44,6,1.215,10,2.025,,,,,620058,4965,125.574,1.006,6477,1.312,359.833,0.003,tests performed,38.89,4937796,69.874,38.7,13.928,8.678,67335.293,0.2,126.459,3.28,23,25.7,,2.96,82.3,0.938
IRL,Europe,Ireland,2020-07-29,2,25929,37,18.143,1763,0,1.429,5251.128,7.493,3.674,357.042,0,0.289,1.48,4,0.81,10,2.025,,,,,624798,4740,126.534,0.96,6494,1.315,357.937,0.003,tests performed,38.89,4937796,69.874,38.7,13.928,8.678,67335.293,0.2,126.459,3.28,23,25.7,,2.96,82.3,0.938
IRL,Europe,Ireland,2020-07-30,2,25942,13,17.571,1763,0,1.286,5253.761,2.633,3.559,357.042,0,0.26,1.54,4,0.81,6,1.215,,,,,629181,4383,127.421,0.888,6539,1.324,372.138,0.003,tests performed,38.89,4937796,69.874,38.7,13.928,8.678,67335.293,0.2,126.459,3.28,23,25.7,,2.96,82.3,0.938
IRL,Europe,Ireland,2020-07-31,2,26027,85,28.714,1763,0,0,5270.975,17.214,5.815,357.042,0,0,1.53,4,0.81,6,1.215,,,,,633037,3856,128.202,0.781,5807,1.176,202.234,0.005,tests performed,38.89,4937796,69.874,38.7,13.928,8.678,67335.293,0.2,126.459,3.28,23,25.7,,2.96,82.3,0.938
IRL,Europe,Ireland,2020-08-01,2,26065,38,31.429,1763,0,0,5278.671,7.696,6.365,357.042,0,0,1.53,4,0.81,8,1.62,,,,,636343,3306,128.872,0.67,5010,1.015,159.409,0.006,tests performed,38.89,4937796,69.874,38.7,13.928,8.678,67335.293,0.2,126.459,3.28,23,25.7,,2.96,82.3,0.938
IRL,Europe,Ireland,2020-08-02,2,26109,44,34.286,1763,0,0,5287.582,8.911,6.944,357.042,0,0,1.52,4,0.81,10,2.025,1.007,0.204,6.041,1.223,639474,3131,129.506,0.634,4312,0.873,125.767,0.008,tests performed,38.89,4937796,69.874,38.7,13.928,8.678,67335.293,0.2,126.459,3.28,23,25.7,,2.96,82.3,0.938
IRL,Europe,Ireland,2020-08-03,2,26162,53,40.143,1763,0,0,5298.315,10.734,8.13,357.042,0,0,1.51,5,1.013,10,2.025,,,,,642515,3041,130.122,0.616,3917,0.793,97.577,0.01,tests performed,38.89,4937796,69.874,38.7,13.928,8.678,67335.293,0.2,126.459,3.28,23,25.7,,2.96,82.3,0.938
IRL,Europe,Ireland,2020-08-04,2,26208,46,45.143,1763,0,0,5307.631,9.316,9.142,357.042,0,0,1.51,5,1.013,14,2.835,,,,,644506,1991,130.525,0.403,3493,0.707,77.377,0.013,tests performed,38.89,4937796,69.874,38.7,13.928,8.678,67335.293,0.2,126.459,3.28,23,25.7,,2.96,82.3,0.938
IRL,Europe,Ireland,2020-08-05,2,26253,45,46.286,1763,0,0,5316.745,9.113,9.374,357.042,0,0,1.51,6,1.215,17,3.443,,,,,648267,3761,131.287,0.762,3353,0.679,72.441,0.014,tests performed,38.89,4937796,69.874,38.7,13.928,8.678,67335.293,0.2,126.459,3.28,23,25.7,,2.96,82.3,0.938
IRL,Europe,Ireland,2020-08-06,2,26303,50,51.571,1763,0,0,5326.871,10.126,10.444,357.042,0,0,1.52,5,1.013,10,2.025,,,,,653100,4833,132.265,0.979,3417,0.692,66.258,0.015,tests performed,38.89,4937796,69.874,38.7,13.928,8.678,67335.293,0.2,126.459,3.28,23,25.7,,2.96,82.3,0.938
IRL,Europe,Ireland,2020-08-07,2,26372,69,49.286,1768,5,0.714,5340.844,13.974,9.981,358.054,1.013,0.145,1.52,5,1.013,11,2.228,,,,,658080,4980,133.274,1.009,3578,0.725,72.597,0.014,tests performed,38.89,4937796,69.874,38.7,13.928,8.678,67335.293,0.2,126.459,3.28,23,25.7,,2.96,82.3,0.938
IRL,Europe,Ireland,2020-08-08,2,26470,98,57.857,1772,4,1.286,5360.691,19.847,11.717,358.865,0.81,0.26,1.51,6,1.215,12,2.43,,,,,662960,4880,134.262,0.988,3802,0.77,65.714,0.015,tests performed,59.72,4937796,69.874,38.7,13.928,8.678,67335.293,0.2,126.459,3.28,23,25.7,,2.96,82.3,0.938
IRL,Europe,Ireland,2020-08-09,2,26644,174,76.429,1772,0,1.286,5395.93,35.238,15.478,358.865,0,0.26,1.45,6,1.215,13,2.633,1.007,0.204,8.055,1.631,667067,4107,135.094,0.832,3942,0.798,51.578,0.019,tests performed,59.72,4937796,69.874,38.7,13.928,8.678,67335.293,0.2,126.459,3.28,23,25.7,,2.96,82.3,0.938
IRL,Europe,Ireland,2020-08-10,2,26712,68,78.571,1772,0,1.286,5409.701,13.771,15.912,358.865,0,0.26,1.4,7,1.418,12,2.43,,,,,670941,3874,135.879,0.785,4061,0.822,51.685,0.019,tests performed,59.72,4937796,69.874,38.7,13.928,8.678,67335.293,0.2,126.459,3.28,23,25.7,,2.96,82.3,0.938
IRL,Europe,Ireland,2020-08-11,2,26768,56,80,1772,0,1.286,5421.042,11.341,16.202,358.865,0,0.26,1.37,5,1.013,14,2.835,,,,,674967,4026,136.694,0.815,4352,0.881,54.4,0.018,tests performed,59.72,4937796,69.874,38.7,13.928,8.678,67335.293,0.2,126.459,3.28,23,25.7,,2.96,82.3,0.938
IRL,Europe,Ireland,2020-08-12,2,26801,33,78.286,1773,1,1.429,5427.725,6.683,15.854,359.067,0.203,0.289,1.36,6,1.215,13,2.633,,,,,680810,5843,137.877,1.183,4649,0.942,59.385,0.017,tests performed,59.72,4937796,69.874,38.7,13.928,8.678,67335.293,0.2,126.459,3.28,23,25.7,,2.96,82.3,0.938
IRL,Europe,Ireland,2020-08-13,2,26838,37,76.429,1774,1,1.571,5435.218,7.493,15.478,359.27,0.203,0.318,1.36,6,1.215,12,2.43,,,,,687882,7072,139.31,1.432,4969,1.006,65.015,0.015,tests performed,59.72,4937796,69.874,38.7,13.928,8.678,67335.293,0.2,126.459,3.28,23,25.7,,2.96,82.3,0.938
IRL,Europe,Ireland,2020-08-14,2,26929,91,79.571,1774,0,0.857,5453.648,18.429,16.115,359.27,0,0.174,1.36,8,1.62,11,2.228,,,,,699219,11337,141.605,2.296,5877,1.19,73.858,0.014,tests performed,59.72,4937796,69.874,38.7,13.928,8.678,67335.293,0.2,126.459,3.28,23,25.7,,2.96,82.3,0.938
IRL,Europe,Ireland,2020-08-15,2,26995,66,75,1774,0,0.286,5467.014,13.366,15.189,359.27,0,0.058,1.37,8,1.62,15,3.038,,,,,709872,10653,143.763,2.157,6702,1.357,89.36,0.011,tests performed,59.72,4937796,69.874,38.7,13.928,8.678,67335.293,0.2,126.459,3.28,23,25.7,,2.96,82.3,0.938
IRL,Europe,Ireland,2020-08-16,2,27191,196,78.143,1774,0,0.286,5506.708,39.694,15.825,359.27,0,0.058,1.34,8,1.62,16,3.24,0,0,14.096,2.855,720224,10352,145.859,2.096,7594,1.538,97.181,0.01,tests performed,59.72,4937796,69.874,38.7,13.928,8.678,67335.293,0.2,126.459,3.28,23,25.7,,2.96,82.3,0.938
IRL,Europe,Ireland,2020-08-17,2,27257,66,77.857,1774,0,0.286,5520.074,13.366,15.768,359.27,0,0.058,1.32,8,1.62,21,4.253,,,,,725757,5533,146.98,1.121,7831,1.586,100.582,0.01,tests performed,59.72,4937796,69.874,38.7,13.928,8.678,67335.293,0.2,126.459,3.28,23,25.7,,2.96,82.3,0.938
IRL,Europe,Ireland,2020-08-18,3,27313,56,77.857,1774,0,0.286,5531.415,11.341,15.768,359.27,0,0.058,1.32,7,1.418,22,4.455,,,,,730096,4339,147.859,0.879,7876,1.595,101.16,0.01,tests performed,70.83,4937796,69.874,38.7,13.928,8.678,67335.293,0.2,126.459,3.28,23,25.7,,2.96,82.3,0.938
IRL,Europe,Ireland,2020-08-19,3,27499,186,99.714,1775,1,0.286,5569.084,37.669,20.194,359.472,0.203,0.058,1.29,6,1.215,17,3.443,,,,,736288,6192,149.113,1.254,7925,1.605,79.477,0.013,tests performed,70.83,4937796,69.874,38.7,13.928,8.678,67335.293,0.2,126.459,3.28,23,25.7,,2.96,82.3,0.938
IRL,Europe,Ireland,2020-08-20,3,27547,48,101.286,1775,0,0.143,5578.805,9.721,20.512,359.472,0,0.029,1.28,6,1.215,16,3.24,,,,,747704,11416,151.425,2.312,8546,1.731,84.375,0.012,tests performed,70.83,4937796,69.874,38.7,13.928,8.678,67335.293,0.2,126.459,3.28,23,25.7,,2.96,82.3,0.938
IRL,Europe,Ireland,2020-08-21,3,27676,129,106.714,1776,1,0.286,5604.93,26.125,21.612,359.675,0.203,0.058,1.26,6,1.215,18,3.645,,,,,760784,13080,154.074,2.649,8795,1.781,82.416,0.012,tests performed,70.83,4937796,69.874,38.7,13.928,8.678,67335.293,0.2,126.459,3.28,23,25.7,,2.96,82.3,0.938
IRL,Europe,Ireland,2020-08-22,3,27755,79,108.571,1776,0,0.286,5620.929,15.999,21.988,359.675,0,0.058,1.25,6,1.215,20,4.05,,,,,767542,6758,155.442,1.369,8239,1.669,75.886,0.013,tests performed,70.83,4937796,69.874,38.7,13.928,8.678,67335.293,0.2,126.459,3.28,23,25.7,,2.96,82.3,0.938
IRL,Europe,Ireland,2020-08-23,3,27908,153,102.429,1777,1,0.429,5651.914,30.985,20.744,359.877,0.203,0.087,1.23,6,1.215,21,4.253,2.014,0.408,17.116,3.466,772980,5438,156.544,1.101,7537,1.526,73.583,0.014,tests performed,70.83,4937796,69.874,38.7,13.928,8.678,67335.293,0.2,126.459,3.28,23,25.7,,2.96,82.3,0.938
IRL,Europe,Ireland,2020-08-24,3,27969,61,101.714,1777,0,0.429,5664.268,12.354,20.599,359.877,0,0.087,1.23,5,1.013,27,5.468,,,,,777818,4838,157.523,0.98,7437,1.506,73.117,0.014,tests performed,70.83,4937796,69.874,38.7,13.928,8.678,67335.293,0.2,126.459,3.28,23,25.7,,2.96,82.3,0.938
IRL,Europe,Ireland,2020-08-25,3,28116,147,114.714,1777,0,0.429,5694.038,29.77,23.232,359.877,0,0.087,1.21,4,0.81,26,5.266,,,,,782833,5015,158.539,1.016,7534,1.526,65.676,0.015,tests performed,70.83,4937796,69.874,38.7,13.928,8.678,67335.293,0.2,126.459,3.28,23,25.7,,2.96,82.3,0.938
IRL,Europe,Ireland,2020-08-26,3,28201,85,100.286,1777,0,0.286,5711.253,17.214,20.31,359.877,0,0.058,1.21,4,0.81,26,5.266,,,,,790481,7648,160.088,1.549,7742,1.568,77.199,0.013,tests performed,70.83,4937796,69.874,38.7,13.928,8.678,67335.293,0.2,126.459,3.28,23,25.7,,2.96,82.3,0.938
IRL,Europe,Ireland,2020-08-27,3,28363,162,116.571,1777,0,0.286,5744.061,32.808,23.608,359.877,0,0.058,1.2,5,1.013,29,5.873,,,,,802755,12274,162.574,2.486,7864,1.593,67.461,0.015,tests performed,70.83,4937796,69.874,38.7,13.928,8.678,67335.293,0.2,126.459,3.28,23,25.7,,2.96,82.3,0.938
IRL,Europe,Ireland,2020-08-28,3,28453,90,111,1777,0,0.143,5762.287,18.227,22.48,359.877,0,0.029,1.19,5,1.013,32,6.481,,,,,815058,12303,165.065,2.492,7753,1.57,69.847,0.014,tests performed,70.83,4937796,69.874,38.7,13.928,8.678,67335.293,0.2,126.459,3.28,23,25.7,,2.96,82.3,0.938
IRL,Europe,Ireland,2020-08-29,3,28579,126,117.714,1777,0,0.143,5787.805,25.517,23.839,359.877,0,0.029,1.18,5,1.013,30,6.076,,,,,824998,9940,167.078,2.013,8208,1.662,69.728,0.014,tests performed,70.83,4937796,69.874,38.7,13.928,8.678,67335.293,0.2,126.459,3.28,23,25.7,,2.96,82.3,0.938
IRL,Europe,Ireland,2020-08-30,3,28720,141,116,1777,0,0,5816.36,28.555,23.492,359.877,0,0,1.17,5,1.013,33,6.683,2.014,0.408,22.151,4.486,830657,5659,168.224,1.146,8240,1.669,71.034,0.014,tests performed,70.83,4937796,69.874,38.7,13.928,8.678,67335.293,0.2,126.459,3.28,23,25.7,,2.96,82.3,0.938
IRL,Europe,Ireland,2020-08-31,3,28760,40,113,1777,0,0,5824.461,8.101,22.885,359.877,0,0,1.18,6,1.215,35,7.088,,,,,839997,9340,170.116,1.892,8883,1.799,78.611,0.013,tests performed,70.83,4937796,69.874,38.7,13.928,8.678,67335.293,0.2,126.459,3.28,23,25.7,,2.96,82.3,0.938
IRL,Europe,Ireland,2020-09-01,3,28811,51,99.286,1777,0,0,5834.789,10.328,20.107,359.877,0,0,1.21,6,1.215,36,7.291,,,,,844889,4892,171.107,0.991,8865,1.795,89.288,0.011,tests performed,70.83,4937796,69.874,38.7,13.928,8.678,67335.293,0.2,126.459,3.28,23,25.7,,2.96,82.3,0.938
IRL,Europe,Ireland,2020-09-02,3,29025,214,117.714,1777,0,0,5878.129,43.339,23.839,359.877,0,0,1.21,6,1.215,40,8.101,,,,,852190,7301,172.585,1.479,8816,1.785,74.893,0.013,tests performed,70.83,4937796,69.874,38.7,13.928,8.678,67335.293,0.2,126.459,3.28,23,25.7,,2.96,82.3,0.938
IRL,Europe,Ireland,2020-09-03,3,29114,89,107.286,1777,0,0,5896.153,18.024,21.727,359.877,0,0,1.22,7,1.418,40,8.101,,,,,864691,12501,175.117,2.532,8848,1.792,82.471,0.012,tests performed,70.83,4937796,69.874,38.7,13.928,8.678,67335.293,0.2,126.459,3.28,23,25.7,,2.96,82.3,0.938
IRL,Europe,Ireland,2020-09-04,3,29206,92,107.571,1777,0,0,5914.785,18.632,21.785,359.877,0,0,1.24,7,1.418,44,8.911,,,,,878755,14064,177.965,2.848,9100,1.843,84.595,0.012,tests performed,70.83,4937796,69.874,38.7,13.928,8.678,67335.293,0.2,126.459,3.28,23,25.7,,2.96,82.3,0.938
IRL,Europe,Ireland,2020-09-05,3,29303,97,103.429,1777,0,0,5934.429,19.644,20.946,359.877,0,0,1.26,7,1.418,48,9.721,,,,,890077,11322,180.258,2.293,9297,1.883,89.888,0.011,tests performed,70.83,4937796,69.874,38.7,13.928,8.678,67335.293,0.2,126.459,3.28,23,25.7,,2.96,82.3,0.938
IRL,Europe,Ireland,2020-09-06,3,29534,231,116.286,1777,0,0,5981.211,46.782,23.55,359.877,0,0,1.27,6,1.215,49,9.923,1.007,0.204,20.137,4.078,900420,10343,182.353,2.095,9966,2.018,85.703,0.012,tests performed,70.83,4937796,69.874,38.7,13.928,8.678,67335.293,0.2,126.459,3.28,23,25.7,,2.96,82.3,0.938
IRL,Europe,Ireland,2020-09-07,3,29672,138,130.286,1777,0,0,6009.159,27.948,26.385,359.877,0,0,1.28,6,1.215,49,9.923,,,,,906673,6253,183.619,1.266,9525,1.929,73.109,0.014,tests performed,70.83,4937796,69.874,38.7,13.928,8.678,67335.293,0.2,126.459,3.28,23,25.7,,2.96,82.3,0.938
IRL,Europe,Ireland,2020-09-08,3,29774,102,137.571,1777,0,0,6029.816,20.657,27.861,359.877,0,0,1.29,6,1.215,49,9.923,,,,,913351,6678,184.971,1.352,9780,1.981,71.09,0.014,tests performed,70.83,4937796,69.874,38.7,13.928,8.678,67335.293,0.2,126.459,3.28,23,25.7,,2.96,82.3,0.938
IRL,Europe,Ireland,2020-09-09,3,30080,306,150.714,1778,1,0.143,6091.787,61.971,30.523,360.08,0.203,0.029,1.29,6,1.215,50,10.126,,,,,924100,10749,187.148,2.177,10273,2.08,68.162,0.015,tests performed,70.83,4937796,69.874,38.7,13.928,8.678,67335.293,0.2,126.459,3.28,23,25.7,,2.96,82.3,0.938
IRL,Europe,Ireland,2020-09-10,3,30164,84,150,1781,3,0.571,6108.798,17.012,30.378,360.687,0.608,0.116,1.29,7,1.418,49,9.923,,,,,936463,12363,189.652,2.504,10253,2.076,68.353,0.015,tests performed,70.83,4937796,69.874,38.7,13.928,8.678,67335.293,0.2,126.459,3.28,23,25.7,,2.96,82.3,0.938
IRL,Europe,Ireland,2020-09-11,3,30360,196,164.857,1781,0,0.571,6148.492,39.694,33.387,360.687,0,0.116,1.3,7,1.418,53,10.734,,,,,949536,13073,192.3,2.648,10112,2.048,61.338,0.016,tests performed,70.83,4937796,69.874,38.7,13.928,8.678,67335.293,0.2,126.459,3.28,23,25.7,,2.96,82.3,0.938
IRL,Europe,Ireland,2020-09-12,3,30571,211,181.143,1781,0,0.571,6191.224,42.732,36.685,360.687,0,0.116,1.3,9,1.823,52,10.531,,,,,961766,12230,194.776,2.477,10241,2.074,56.535,0.018,tests performed,70.83,4937796,69.874,38.7,13.928,8.678,67335.293,0.2,126.459,3.28,23,25.7,,2.96,82.3,0.938
IRL,Europe,Ireland,2020-09-13,3,30730,159,170.857,1783,2,0.857,6223.424,32.201,34.602,361.092,0.405,0.174,1.31,10,2.025,54,10.936,0,0,24.164,4.894,971581,9815,196.764,1.988,10166,2.059,59.5,0.017,tests performed,70.83,4937796,69.874,38.7,13.928,8.678,67335.293,0.2,126.459,3.28,23,25.7,,2.96,82.3,0.938
IRL,Europe,Ireland,2020-09-14,3,30985,255,187.571,1784,1,1,6275.067,51.642,37.987,361.295,0.203,0.203,1.31,11,2.228,60,12.151,,,,,981469,9888,198.767,2.003,10685,2.164,56.965,0.018,tests performed,70.83,4937796,69.874,38.7,13.928,8.678,67335.293,0.2,126.459,3.28,23,25.7,,2.96,82.3,0.938
IRL,Europe,Ireland,2020-09-15,2,31192,207,202.571,1784,0,1,6316.988,41.922,41.025,361.295,0,0.203,1.32,13,2.633,68,13.771,,,,,989589,8120,200.411,1.644,10891,2.206,53.764,0.019,tests performed,70.83,4937796,69.874,38.7,13.928,8.678,67335.293,0.2,126.459,3.28,23,25.7,,2.96,82.3,0.938
IRL,Europe,Ireland,2020-09-16,2,31549,357,209.857,1787,3,1.286,6389.288,72.299,42.5,361.902,0.608,0.26,1.3,14,2.835,65,13.164,,,,,1001830,12241,202.89,2.479,11104,2.249,52.912,0.019,tests performed,70.83,4937796,69.874,38.7,13.928,8.678,67335.293,0.2,126.459,3.28,23,25.7,,2.96,82.3,0.938
IRL,Europe,Ireland,2020-09-17,2,31799,250,233.571,1788,1,1,6439.918,50.63,47.303,362.105,0.203,0.203,1.29,14,2.835,76,15.391,,,,,1016493,14663,205.86,2.97,11433,2.315,48.949,0.02,tests performed,70.83,4937796,69.874,38.7,13.928,8.678,67335.293,0.2,126.459,3.28,23,25.7,,2.96,82.3,0.938
IRL,Europe,Ireland,2020-09-18,2,32023,224,237.571,1789,1,1.143,6485.282,45.364,48.113,362.307,0.203,0.231,1.29,15,3.038,80,16.202,,,,,1030999,14506,208.797,2.938,11638,2.357,48.987,0.02,tests performed,63.43,4937796,69.874,38.7,13.928,8.678,67335.293,0.2,126.459,3.28,23,25.7,,2.96,82.3,0.938
IRL,Europe,Ireland,2020-09-19,2,32271,248,242.857,1792,3,1.571,6535.507,50.225,49.183,362.915,0.608,0.318,1.28,16,3.24,74,14.986,,,,,1045379,14380,211.71,2.912,11945,2.419,49.185,0.02,tests performed,63.43,4937796,69.874,38.7,13.928,8.678,67335.293,0.2,126.459,3.28,23,25.7,,2.96,82.3,0.938
IRL,Europe,Ireland,2020-09-20,2,32538,267,258.286,1792,0,1.286,6589.58,54.073,52.308,362.915,0,0.26,1.28,16,3.24,82,16.607,6.041,1.223,49.335,9.991,1057517,12138,214.168,2.458,12277,2.486,47.533,0.021,tests performed,63.43,4937796,69.874,38.7,13.928,8.678,67335.293,0.2,126.459,3.28,23,25.7,,2.96,82.3,0.938
IRL,Europe,Ireland,2020-09-21,2,32933,395,278.286,1792,0,1.143,6669.575,79.995,56.358,362.915,0,0.231,1.27,17,3.443,90,18.227,,,,,1067548,10031,216.199,2.031,12297,2.49,44.188,0.023,tests performed,52.31,4937796,69.874,38.7,13.928,8.678,67335.293,0.2,126.459,3.28,23,25.7,,2.96,82.3,0.938
IRL,Europe,Ireland,2020-09-22,2,33121,188,275.571,1792,0,1.143,6707.649,38.074,55.809,362.915,0,0.231,1.27,16,3.24,94,19.037,,,,,1080131,12583,218.748,2.548,12935,2.62,46.939,0.021,tests performed,52.31,4937796,69.874,38.7,13.928,8.678,67335.293,0.2,126.459,3.28,23,25.7,,2.96,82.3,0.938
IRL,Europe,Ireland,2020-09-23,2,33444,323,270.714,1792,0,0.714,6773.062,65.414,54.825,362.915,0,0.145,1.26,17,3.443,90,18.227,,,,,1092802,12671,221.314,2.566,12996,2.632,48.006,0.021,tests performed,52.31,4937796,69.874,38.7,13.928,8.678,67335.293,0.2,126.459,3.28,23,25.7,,2.96,82.3,0.938
IRL,Europe,Ireland,2020-09-24,2,33675,231,268,1794,2,0.857,6819.844,46.782,54.275,363.32,0.405,0.174,1.27,16,3.24,94,19.037,,,,,1107158,14356,224.221,2.907,12952,2.623,48.328,0.021,tests performed,52.31,4937796,69.874,38.7,13.928,8.678,67335.293,0.2,126.459,3.28,23,25.7,,2.96,82.3,0.938
IRL,Europe,Ireland,2020-09-25,2,33994,319,281.571,1797,3,1.143,6884.448,64.604,57.024,363.928,0.608,0.231,1.27,17,3.443,100,20.252,,,,,1121696,14538,227.165,2.944,12957,2.624,46.017,0.022,tests performed,52.31,4937796,69.874,38.7,13.928,8.678,67335.293,0.2,126.459,3.28,23,25.7,,2.96,82.3,0.938
IRL,Europe,Ireland,2020-09-26,2,34315,321,292,1797,0,0.714,6949.457,65.009,59.136,363.928,0,0.145,1.28,18,3.645,102,20.657,,,,,1133504,11808,229.557,2.391,12589,2.55,43.113,0.023,tests performed,52.31,4937796,69.874,38.7,13.928,8.678,67335.293,0.2,126.459,3.28,23,25.7,,2.96,82.3,0.938
IRL,Europe,Ireland,2020-09-27,2,34560,245,288.857,1802,5,1.429,6999.074,49.617,58.499,364.94,1.013,0.289,1.29,17,3.443,108,21.872,4.027,0.816,56.383,11.419,1145382,11878,231.962,2.406,12552,2.542,43.454,0.023,tests performed,52.31,4937796,69.874,38.7,13.928,8.678,67335.293,0.2,126.459,3.28,23,25.7,,2.96,82.3,0.938
IRL,Europe,Ireland,2020-09-28,2,34990,430,293.857,1802,0,1.429,7086.157,87.083,59.512,364.94,0,0.289,1.29,17,3.443,111,22.48,,,,,1155248,9866,233.96,1.998,12529,2.537,42.636,0.023,tests performed,52.31,4937796,69.874,38.7,13.928,8.678,67335.293,0.2,126.459,3.28,23,25.7,,2.96,82.3,0.938
IRL,Europe,Ireland,2020-09-29,2,35378,388,322.429,1802,0,1.429,7164.735,78.578,65.298,364.94,0,0.289,1.3,18,3.645,117,23.695,,,,,1167921,12673,236.527,2.567,12541,2.54,38.895,0.026,tests performed,52.31,4937796,69.874,38.7,13.928,8.678,67335.293,0.2,126.459,3.28,23,25.7,,2.96,82.3,0.938
IRL,Europe,Ireland,2020-09-30,2,35740,362,328,1803,1,1.571,7238.047,73.312,66.426,365.143,0.203,0.318,1.3,22,4.455,122,24.707,,,,,1181168,13247,239.21,2.683,12624,2.557,38.488,0.026,tests performed,52.31,4937796,69.874,38.7,13.928,8.678,67335.293,0.2,126.459,3.28,23,25.7,,2.96,82.3,0.938
IRL,Europe,Ireland,2020-10-01,2,36155,415,354.286,1804,1,1.429,7322.093,84.046,71.75,365.345,0.203,0.289,1.31,20,4.05,122,24.707,,,,,1195692,14524,242.151,2.941,12648,2.561,35.7,0.028,tests performed,52.31,4937796,69.874,38.7,13.928,8.678,67335.293,0.2,126.459,3.28,23,25.7,,2.96,82.3,0.938
IRL,Europe,Ireland,2020-10-02,2,36597,442,371.857,1806,2,1.286,7411.606,89.514,75.308,365.75,0.405,0.26,1.31,21,4.253,117,23.695,,,,,1208365,12673,244.717,2.567,12381,2.507,33.295,0.03,tests performed,52.31,4937796,69.874,38.7,13.928,8.678,67335.293,0.2,126.459,3.28,23,25.7,,2.96,82.3,0.938
IRL,Europe,Ireland,2020-10-03,2,37063,466,392.571,1801,-5,0.571,7505.98,94.374,79.503,364.738,-1.013,0.116,1.32,20,4.05,120,24.302,,,,,1221986,13621,247.476,2.759,12640,2.56,32.198,0.031,tests performed,52.31,4937796,69.874,38.7,13.928,8.678,67335.293,0.2,126.459,3.28,23,25.7,,2.96,82.3,0.938
IRL,Europe,Ireland,2020-10-04,2,37668,605,444,1810,9,1.143,7628.505,122.524,89.919,366.56,1.823,0.231,1.31,21,4.253,134,27.138,9.062,1.835,68.465,13.866,1233281,11295,249.763,2.287,12557,2.543,28.282,0.035,tests performed,52.31,4937796,69.874,38.7,13.928,8.678,67335.293,0.2,126.459,3.28,23,25.7,,2.96,82.3,0.938
IRL,Europe,Ireland,2020-10-05,2,38032,364,434.571,1810,0,1.143,7702.222,73.717,88.009,366.56,0,0.231,1.31,23,4.658,150,30.378,,,,,1245447,12166,252.227,2.464,12886,2.61,29.652,0.034,tests performed,52.31,4937796,69.874,38.7,13.928,8.678,67335.293,0.2,126.459,3.28,23,25.7,,2.96,82.3,0.938
IRL,Europe,Ireland,2020-10-06,2,38551,519,453.286,1810,0,1.143,7807.329,105.108,91.799,366.56,0,0.231,1.32,24,4.86,150,30.378,,,,,1257093,11646,254.586,2.359,12739,2.58,28.104,0.036,tests performed,52.31,4937796,69.874,38.7,13.928,8.678,67335.293,0.2,126.459,3.28,23,25.7,,2.96,82.3,0.938
IRL,Europe,Ireland,2020-10-07,2,38975,424,462.143,1811,1,1.143,7893.198,85.868,93.593,366.763,0.203,0.231,1.33,27,5.468,156,31.593,,,,,1271635,14542,257.531,2.945,12924,2.617,27.965,0.036,tests performed,61.57,4937796,69.874,38.7,13.928,8.678,67335.293,0.2,126.459,3.28,23,25.7,,2.96,82.3,0.938
IRL,Europe,Ireland,2020-10-08,2,39584,609,489.857,1816,5,1.714,8016.532,123.334,99.206,367.775,1.013,0.347,1.34,25,5.063,159,32.201,,,,,1287515,15880,260.747,3.216,13118,2.657,26.779,0.037,tests performed,61.57,4937796,69.874,38.7,13.928,8.678,67335.293,0.2,126.459,3.28,23,25.7,,2.96,82.3,0.938
IRL,Europe,Ireland,2020-10-09,2,40086,502,498.429,1817,1,1.571,8118.197,101.665,100.942,367.978,0.203,0.318,1.35,31,6.278,179,36.251,,,,,1304037,16522,264.093,3.346,13667,2.768,27.42,0.036,tests performed,61.57,4937796,69.874,38.7,13.928,8.678,67335.293,0.2,126.459,3.28,23,25.7,,2.96,82.3,0.938
IRL,Europe,Ireland,2020-10-10,2,40703,617,520,1821,4,2.857,8243.151,124.955,105.31,368.788,0.81,0.579,1.36,30,6.076,194,39.289,,,,,1319671,15634,267.259,3.166,13955,2.826,26.837,0.037,tests performed,61.57,4937796,69.874,38.7,13.928,8.678,67335.293,0.2,126.459,3.28,23,25.7,,2.96,82.3,0.938
IRL,Europe,Ireland,2020-10-11,2,41714,1011,578,1821,0,1.571,8447.899,204.747,117.056,368.788,0,0.318,1.35,30,6.076,201,40.706,4.027,0.816,109.746,22.226,1327669,7998,268.879,1.62,13484,2.731,23.329,0.043,tests performed,61.57,4937796,69.874,38.7,13.928,8.678,67335.293,0.2,126.459,3.28,23,25.7,,2.96,82.3,0.938
IRL,Europe,Ireland,2020-10-12,2,42528,814,642.286,1826,5,2.286,8612.749,164.851,130.075,369.801,1.013,0.463,1.34,32,6.481,221,44.757,,,,,1341657,13988,271.712,2.833,13744,2.783,21.399,0.047,tests performed,61.57,4937796,69.874,38.7,13.928,8.678,67335.293,0.2,126.459,3.28,23,25.7,,2.96,82.3,0.938
IRL,Europe,Ireland,2020-10-13,2,43351,823,685.714,1827,1,2.429,8779.423,166.674,138.871,370.003,0.203,0.492,1.33,31,6.278,240,48.605,,,,,1356779,15122,274.774,3.062,14241,2.884,20.768,0.048,tests performed,61.57,4937796,69.874,38.7,13.928,8.678,67335.293,0.2,126.459,3.28,23,25.7,,2.96,82.3,0.938
IRL,Europe,Ireland,2020-10-14,2,44159,808,740.571,1830,3,2.714,8943.059,163.636,149.98,370.611,0.608,0.55,1.33,30,6.076,234,47.39,,,,,1373034,16255,278.066,3.292,14486,2.934,19.561,0.051,tests performed,61.57,4937796,69.874,38.7,13.928,8.678,67335.293,0.2,126.459,3.28,23,25.7,,2.96,82.3,0.938
IRL,Europe,Ireland,2020-10-15,2,45243,1084,808.429,1835,5,2.714,9162.59,219.531,163.723,371.623,1.013,0.55,1.31,29,5.873,238,48.2,,,,,1386462,13428,280.786,2.719,14135,2.863,17.485,0.057,tests performed,61.57,4937796,69.874,38.7,13.928,8.678,67335.293,0.2,126.459,3.28,23,25.7,,2.96,82.3,0.938
IRL,Europe,Ireland,2020-10-16,2,46429,1186,906.143,1838,3,3,9402.778,240.188,183.512,372.231,0.608,0.608,1.28,30,6.076,244,49.415,,,,,1404220,17758,284.382,3.596,14312,2.898,15.794,0.063,tests performed,61.57,4937796,69.874,38.7,13.928,8.678,67335.293,0.2,126.459,3.28,23,25.7,,2.96,82.3,0.938
IRL,Europe,Ireland,2020-10-17,2,47427,998,960.571,1841,3,2.857,9604.893,202.114,194.534,372.838,0.608,0.579,1.26,30,6.076,260,52.655,,,,,1423260,19040,288.238,3.856,14798,2.997,15.405,0.065,tests performed,61.57,4937796,69.874,38.7,13.928,8.678,67335.293,0.2,126.459,3.28,23,25.7,,2.96,82.3,0.938
IRL,Europe,Ireland,2020-10-18,2,48678,1251,994.857,1849,8,4,9858.244,253.352,201.478,374.459,1.62,0.81,1.23,31,6.278,274,55.49,9.062,1.835,151.026,30.586,1439400,16140,291.507,3.269,15962,3.233,16.045,0.062,tests performed,61.57,4937796,69.874,38.7,13.928,8.678,67335.293,0.2,126.459,3.28,23,25.7,,2.96,82.3,0.938
IRL,Europe,Ireland,2020-10-19,2,49962,1284,1062,1852,3,3.714,10118.279,260.035,215.076,375.066,0.608,0.752,1.19,32,6.481,298,60.351,,,,,1453791,14391,294.421,2.914,16019,3.244,15.084,0.066,tests performed,61.57,4937796,69.874,38.7,13.928,8.678,67335.293,0.2,126.459,3.28,23,25.7,,2.96,82.3,0.938
IRL,Europe,Ireland,2020-10-20,2,50993,1031,1091.714,1852,0,3.571,10327.077,208.798,221.093,375.066,0,0.723,1.16,34,6.886,315,63.794,,,,,1468467,14676,297.393,2.972,15955,3.231,14.615,0.068,tests performed,61.57,4937796,69.874,38.7,13.928,8.678,67335.293,0.2,126.459,3.28,23,25.7,,2.96,82.3,0.938
IRL,Europe,Ireland,2020-10-21,5,52256,1263,1156.714,1865,13,5,10582.859,255.782,234.257,377.699,2.633,1.013,1.12,35,7.088,324,65.616,,,,,1485246,16779,300.791,3.398,16030,3.246,13.858,0.072,tests performed,81.48,4937796,69.874,38.7,13.928,8.678,67335.293,0.2,126.459,3.28,23,25.7,,2.96,82.3,0.938
IRL,Europe,Ireland,2020-10-22,5,53422,1166,1168.429,1868,3,4.714,10818.997,236.138,236.63,378.306,0.608,0.955,1.08,37,7.493,310,62.781,,,,,1503080,17834,304.403,3.612,16660,3.374,14.258,0.07,tests performed,81.48,4937796,69.874,38.7,13.928,8.678,67335.293,0.2,126.459,3.28,23,25.7,,2.96,82.3,0.938
IRL,Europe,Ireland,2020-10-23,5,54476,1054,1149.571,1871,3,4.714,11032.453,213.456,232.811,378.914,0.608,0.955,1.04,38,7.696,311,62.984,,,,,1520826,17746,307.997,3.594,16658,3.374,14.491,0.069,tests performed,81.48,4937796,69.874,38.7,13.928,8.678,67335.293,0.2,126.459,3.28,23,25.7,,2.96,82.3,0.938
IRL,Europe,Ireland,2020-10-24,5,55261,785,1119.143,1878,7,5.286,11191.43,158.978,226.648,380.332,1.418,1.07,1.01,37,7.493,312,63.186,,,,,1538732,17906,311.623,3.626,16496,3.341,14.74,0.068,tests performed,81.48,4937796,69.874,38.7,13.928,8.678,67335.293,0.2,126.459,3.28,23,25.7,,2.96,82.3,0.938
IRL,Europe,Ireland,2020-10-25,5,56108,847,1061.429,1882,4,4.714,11362.964,171.534,214.96,381.142,0.81,0.955,0.98,39,7.898,319,64.604,12.082,2.447,219.492,44.451,1554504,15772,314.817,3.194,16443,3.33,15.491,0.065,tests performed,81.48,4937796,69.874,38.7,13.928,8.678,67335.293,0.2,126.459,3.28,23,25.7,,2.96,82.3,0.938
IRL,Europe,Ireland,2020-10-26,5,57128,1020,1023.714,1882,0,4.286,11569.534,206.57,207.322,381.142,0,0.868,0.95,38,7.696,344,69.667,,,,,1568768,14264,317.706,2.889,16425,3.326,16.045,0.062,tests performed,81.48,4937796,69.874,38.7,13.928,8.678,67335.293,0.2,126.459,3.28,23,25.7,,2.96,82.3,0.938
IRL,Europe,Ireland,2020-10-27,5,58067,939,1010.571,1885,3,4.714,11759.7,190.166,204.66,381.749,0.608,0.955,0.92,38,7.696,354,71.692,,,,,1580203,11435,320.022,2.316,15962,3.233,15.795,0.063,tests performed,81.48,4937796,69.874,38.7,13.928,8.678,67335.293,0.2,126.459,3.28,23,25.7,,2.96,82.3,0.938
IRL,Europe,Ireland,2020-10-28,5,58767,700,930.143,1890,5,3.571,11901.464,141.764,188.372,382.762,1.013,0.723,0.9,40,8.101,327,66.224,,,,,1591370,11167,322.283,2.262,15161,3.07,16.3,0.061,tests performed,81.48,4937796,69.874,38.7,13.928,8.678,67335.293,0.2,126.459,3.28,23,25.7,,2.96,82.3,0.938
IRL,Europe,Ireland,2020-10-29,5,59434,667,858.857,1896,6,4,12036.544,135.081,173.935,383.977,1.215,0.81,0.88,43,8.708,330,66.831,,,,,1606685,15315,325.385,3.102,14801,2.997,17.233,0.058,tests performed,81.48,4937796,69.874,38.7,13.928,8.678,67335.293,0.2,126.459,3.28,23,25.7,,2.96,82.3,0.938
IRL,Europe,Ireland,2020-10-30,5,60297,863,831.571,1902,6,4.429,12211.319,174.774,168.409,385.192,1.215,0.897,0.85,42,8.506,327,66.224,,,,,1620483,13798,328.179,2.794,14237,2.883,17.121,0.058,tests performed,81.48,4937796,69.874,38.7,13.928,8.678,67335.293,0.2,126.459,3.28,23,25.7,,2.96,82.3,0.938
IRL,Europe,Ireland,2020-10-31,5,61059,762,828.286,1908,6,4.286,12365.638,154.32,167.744,386.407,1.215,0.868,0.83,44,8.911,322,65.211,,,,,1634779,14296,331.075,2.895,13721,2.779,16.566,0.06,tests performed,81.48,4937796,69.874,38.7,13.928,8.678,67335.293,0.2,126.459,3.28,23,25.7,,2.96,82.3,0.938
IRL,Europe,Ireland,2020-11-01,5,61456,397,764,1913,5,4.429,12446.039,80.4,154.725,387.42,1.013,0.897,0.81,44,8.911,325,65.819,10.068,2.039,172.17,34.868,1645847,11068,333.316,2.241,13049,2.643,17.08,0.059,tests performed,81.48,4937796,69.874,38.7,13.928,8.678,67335.293,0.2,126.459,3.28,23,25.7,,2.96,82.3,0.938
IRL,Europe,Ireland,2020-11-02,5,62002,546,696.286,1915,2,4.714,12556.614,110.576,141.011,387.825,0.405,0.955,0.8,44,8.911,327,66.224,,,,,1656921,11074,335.559,2.243,12593,2.55,18.086,0.055,tests performed,81.48,4937796,69.874,38.7,13.928,8.678,67335.293,0.2,126.459,3.28,23,25.7,,2.96,82.3,0.938
IRL,Europe,Ireland,2020-11-03,5,62750,748,669,1917,2,4.571,12708.099,151.485,135.486,388.23,0.405,0.926,0.78,43,8.708,306,61.971,,,,,1667415,10494,337.684,2.125,12459,2.523,18.623,0.054,tests performed,81.48,4937796,69.874,38.7,13.928,8.678,67335.293,0.2,126.459,3.28,23,25.7,,2.96,82.3,0.938
IRL,Europe,Ireland,2020-11-04,5,63048,298,611.571,1922,5,4.571,12768.45,60.351,123.855,389.242,1.013,0.926,0.77,40,8.101,315,63.794,,,,,1680006,12591,340.234,2.55,12662,2.564,20.704,0.048,tests performed,81.48,4937796,69.874,38.7,13.928,8.678,67335.293,0.2,126.459,3.28,23,25.7,,2.96,82.3,0.938
IRL,Europe,Ireland,2020-11-05,5,63483,435,578.429,1930,8,4.857,12856.546,88.096,117.143,390.863,1.62,0.984,0.77,38,7.696,307,62.173,,,,,1691851,11845,342.633,2.399,12167,2.464,21.035,0.048,tests performed,81.48,4937796,69.874,38.7,13.928,8.678,67335.293,0.2,126.459,3.28,23,25.7,,2.96,82.3,0.938
IRL,Europe,Ireland,2020-11-06,5,64046,563,535.571,1933,3,4.429,12970.564,114.018,108.464,391.47,0.608,0.897,0.76,37,7.493,295,59.743,,,,,1703661,11810,345.025,2.392,11883,2.407,22.188,0.045,tests performed,81.48,4937796,69.874,38.7,13.928,8.678,67335.293,0.2,126.459,3.28,23,25.7,,2.96,82.3,0.938
IRL,Europe,Ireland,2020-11-07,5,64538,492,497,1940,7,4.571,13070.204,99.64,100.652,392.888,1.418,0.926,0.76,40,8.101,279,56.503,,,,,1715831,12170,347.489,2.465,11579,2.345,23.298,0.043,tests performed,81.48,4937796,69.874,38.7,13.928,8.678,67335.293,0.2,126.459,3.28,23,25.7,,2.96,82.3,0.938
IRL,Europe,Ireland,2020-11-08,5,64855,317,485.571,1945,5,4.571,13134.402,64.199,98.338,393.9,1.013,0.926,0.75,40,8.101,283,57.313,19.13,3.874,126.862,25.692,1725407,9576,349.429,1.939,11366,2.302,23.407,0.043,tests performed,81.48,4937796,69.874,38.7,13.928,8.678,67335.293,0.2,126.459,3.28,23,25.7,,2.96,82.3,0.938
IRL,Europe,Ireland,2020-11-09,5,65394,539,484.571,1947,2,4.571,13243.56,109.158,98.135,394.305,0.405,0.926,0.75,41,8.303,291,58.933,,,,,1735319,9912,351.436,2.007,11200,2.268,23.113,0.043,tests performed,81.48,4937796,69.874,38.7,13.928,8.678,67335.293,0.2,126.459,3.28,23,25.7,,2.96,82.3,0.938
IRL,Europe,Ireland,2020-11-10,5,65659,265,415.571,1948,1,4.429,13297.228,53.668,84.161,394.508,0.203,0.897,0.75,40,8.101,279,56.503,,,,,1745725,10406,353.543,2.107,11187,2.266,26.92,0.037,tests performed,81.48,4937796,69.874,38.7,13.928,8.678,67335.293,0.2,126.459,3.28,23,25.7,,2.96,82.3,0.938
IRL,Europe,Ireland,2020-11-11,5,65889,230,405.857,1963,15,5.857,13343.808,46.579,82.194,397.546,3.038,1.186,0.75,39,7.898,282,57.111,,,,,1756512,10787,355.728,2.185,10929,2.213,26.928,0.037,tests performed,81.48,4937796,69.874,38.7,13.928,8.678,67335.293,0.2,126.459,3.28,23,25.7,,2.96,82.3,0.938
IRL,Europe,Ireland,2020-11-12,5,66247,358,394.857,1965,2,5,13416.31,72.502,79.966,397.951,0.405,1.013,0.76,38,7.696,285,57.718,,,,,1769569,13057,358.372,2.644,11103,2.249,28.119,0.036,tests performed,81.48,4937796,69.874,38.7,13.928,8.678,67335.293,0.2,126.459,3.28,23,25.7,,2.96,82.3,0.938
IRL,Europe,Ireland,2020-11-13,5,66632,385,369.429,1965,0,4.571,13494.28,77.97,74.816,397.951,0,0.926,0.77,33,6.683,275,55.693,,,,,1781179,11610,360.723,2.351,11074,2.243,29.976,0.033,tests performed,81.48,4937796,69.874,38.7,13.928,8.678,67335.293,0.2,126.459,3.28,23,25.7,,2.96,82.3,0.938
IRL,Europe,Ireland,2020-11-14,5,67099,467,365.857,1972,7,4.571,13588.856,94.577,74.093,399.368,1.418,0.926,,33,6.683,254,51.44,,,,,1790980,9801,362.708,1.985,10736,2.174,29.345,0.034,tests performed,81.48,4937796,69.874,38.7,13.928,8.678,67335.293,0.2,126.459,3.28,23,25.7,,2.96,82.3,0.938
IRL,Europe,Ireland,2020-11-15,5,67526,427,381.571,1978,6,4.714,13675.332,86.476,77.276,400.584,1.215,0.955,,30,6.076,254,51.44,16.109,3.262,92.629,18.759,1800164,9184,364.568,1.86,10680,2.163,27.99,0.036,tests performed,81.48,4937796,69.874,38.7,13.928,8.678,67335.293,0.2,126.459,3.28,23,25.7,,2.96,82.3,0.938
IRL,Europe,Ireland,2020-11-16,5,67903,377,358.429,1979,1,4.571,13751.682,76.35,72.589,400.786,0.203,0.926,,34,6.886,276,55.895,,,,,1811270,11106,366.818,2.249,10850,2.197,30.271,0.033,tests performed,81.48,4937796,69.874,38.7,13.928,8.678,67335.293,0.2,126.459,3.28,23,25.7,,2.96,82.3,0.938
IRL,Europe,Ireland,2020-11-17,5,68356,453,385.286,1984,5,5.143,13843.423,91.741,78.028,401.799,1.013,1.042,,34,6.886,273,55.288,,,,,1821244,9974,368.837,2.02,10788,2.185,28,0.036,tests performed,81.48,4937796,69.874,38.7,13.928,8.678,67335.293,0.2,126.459,3.28,23,25.7,,2.96,82.3,0.938
IRL,Europe,Ireland,2020-11-18,5,68686,330,399.571,1995,11,4.571,13910.255,66.831,80.921,404.026,2.228,0.926,,33,6.683,274,55.49,,,,,1833804,12560,371.381,2.544,11042,2.236,27.635,0.036,tests performed,81.48,4937796,69.874,38.7,13.928,8.678,67335.293,0.2,126.459,3.28,23,25.7,,2.96,82.3,0.938
IRL,Europe,Ireland,2020-11-19,5,69058,372,401.571,2006,11,5.857,13985.592,75.337,81.326,406.254,2.228,1.186,,32,6.481,290,58.731,,,,,1846444,12640,373.941,2.56,10982,2.224,27.348,0.037,tests performed,81.48,4937796,69.874,38.7,13.928,8.678,67335.293,0.2,126.459,3.28,23,25.7,,2.96,82.3,0.938
IRL,Europe,Ireland,2020-11-20,5,69473,415,405.857,2010,4,6.429,14069.638,84.046,82.194,407.064,0.81,1.302,,33,6.683,287,58.123,,,,,1859271,12827,376.539,2.598,11156,2.259,27.488,0.036,tests performed,81.48,4937796,69.874,38.7,13.928,8.678,67335.293,0.2,126.459,3.28,23,25.7,,2.96,82.3,0.938
IRL,Europe,Ireland,2020-11-21,5,69802,329,386.143,2018,8,6.571,14136.266,66.629,78.201,408.684,1.62,1.331,,32,6.481,275,55.693,,,,,1869715,10444,378.654,2.115,11248,2.278,29.129,0.034,tests performed,81.48,4937796,69.874,38.7,13.928,8.678,67335.293,0.2,126.459,3.28,23,25.7,,2.96,82.3,0.938
IRL,Europe,Ireland,2020-11-22,5,70143,341,373.857,2022,4,6.286,14205.326,69.059,75.713,409.494,0.81,1.273,,31,6.278,277,56.098,10.068,2.039,88.602,17.944,1879278,9563,380.59,1.937,11302,2.289,30.231,0.033,tests performed,81.48,4937796,69.874,38.7,13.928,8.678,67335.293,0.2,126.459,3.28,23,25.7,,2.96,82.3,0.938
IRL,Europe,Ireland,2020-11-23,5,70461,318,365.429,2022,0,6.143,14269.727,64.401,74.006,409.494,0,1.244,,,,,,,,,,1889112,9834,382.582,1.992,11120,2.252,30.43,0.033,tests performed,81.48,4937796,69.874,38.7,13.928,8.678,67335.293,0.2,126.459,3.28,23,25.7,,2.96,82.3,0.938
IRL,Europe,Ireland,2020-11-24,5,70711,250,336.429,2022,0,5.429,14320.357,50.63,68.133,409.494,0,1.099,,,,,,,,,,1899198,10086,384.625,2.043,11136,2.255,33.101,0.03,tests performed,,4937796,69.874,38.7,13.928,8.678,67335.293,0.2,126.459,3.28,23,25.7,,2.96,82.3,0.938
IRL,Europe,Ireland,2020-11-25,5,70930,219,320.571,2028,6,4.714,14364.708,44.352,64.922,410.71,1.215,0.955,,,,,,,,,,1911638,12440,387.144,2.519,11119,2.252,34.685,0.029,tests performed,,4937796,69.874,38.7,13.928,8.678,67335.293,0.2,126.459,3.28,23,25.7,,2.96,82.3,0.938
IRL,Europe,Ireland,2020-11-26,5,71187,257,304.143,2033,5,3.857,14416.756,52.048,61.595,411.722,1.013,0.781,,,,,,,,,,1924094,12456,389.667,2.523,11093,2.247,36.473,0.027,tests performed,,4937796,69.874,38.7,13.928,8.678,67335.293,0.2,126.459,3.28,23,25.7,,2.96,82.3,0.938
IRL,Europe,Ireland,2020-11-27,5,71494,307,288.714,2036,3,3.714,14478.929,62.173,58.47,412.33,0.608,0.752,,,,,,,,,,1934872,10778,391.849,2.183,10800,2.187,37.407,0.027,tests performed,,4937796,69.874,38.7,13.928,8.678,67335.293,0.2,126.459,3.28,23,25.7,,2.96,82.3,0.938
IRL,Europe,Ireland,2020-11-28,5,71699,205,271,2043,7,3.571,14520.446,41.516,54.883,413.747,1.418,0.723,,,,,,,,,,1946089,11217,394.121,2.272,10911,2.21,40.262,0.025,tests performed,,4937796,69.874,38.7,13.928,8.678,67335.293,0.2,126.459,3.28,23,25.7,,2.96,82.3,0.938
IRL,Europe,Ireland,2020-11-29,5,71942,243,257,2050,7,4,14569.658,49.212,52.048,415.165,1.418,0.81,,,,,,,,,,,,,,,,,,,,4937796,69.874,38.7,13.928,8.678,67335.293,0.2,126.459,3.28,23,25.7,,2.96,82.3,0.938
